Timestamp,flow_count,Flow Duration_mean,Flow Duration_std,Tot Fwd Pkts_sum,Tot Bwd Pkts_sum,TotLen Fwd Pkts_sum,TotLen Bwd Pkts_sum,Flow Byts/s_mean,Flow Pkts/s_mean,Flow IAT Mean_mean,SYN Flag Cnt_sum,ACK Flag Cnt_sum,RST Flag Cnt_sum,FIN Flag Cnt_sum,PSH Flag Cnt_sum,URG Flag Cnt_sum,unique_dst_ports,dominant_label,attack_ratio,attack_present
2018-02-14 01:00:00,2710,14040159.363468634,33850491.17069896,15623,19333,993342,14286347,198736.84892193915,14580.717867139234,1436841.231752001,51,470,98,4,883,84,232,Benign,0.0,0
2018-02-14 01:01:00,1334,14459789.073463269,33690942.0119387,12548,20518,628059,22571255,164680.7684047409,40942.51085227983,2555731.829482095,47,401,159,6,526,131,235,Benign,0.0,0
2018-02-14 01:02:00,880,9508764.353409091,25102252.04685098,4100,3094,342140,702384,127897.11742341911,42005.7509296061,3181551.3055943116,50,332,103,8,351,70,197,Benign,0.0,0
2018-02-14 01:03:00,1081,8964662.892691951,26097905.38439243,6953,11051,361097,11859987,331204.3936114207,58502.617325013045,2496222.535655737,125,432,62,12,381,49,224,Benign,0.0,0
2018-02-14 01:04:00,1107,14444210.463414634,33706401.72073139,6406,6654,454576,3864447,117674.5171682145,20849.6237256711,2861549.829110532,38,225,68,3,432,29,116,Benign,0.0,0
2018-02-14 01:05:00,1047,11124324.53581662,29801108.63845584,6170,9959,344345,9789141,235853.64493309185,28700.985556027696,2693345.1882625073,25,315,54,6,473,52,124,Benign,0.0,0
2018-02-14 01:06:00,861,8824140.638792101,25494237.94285546,3659,3023,296155,714599,158311.41356917119,19871.661501122224,3606198.8402892845,18,342,49,3,419,31,122,Benign,0.0,0
2018-02-14 01:07:00,750,8201353.841333333,23823278.483104754,4652,8269,294237,8750568,137742.92805022513,31807.71579824671,3309002.3462671344,21,255,58,4,401,23,109,Benign,0.0,0
2018-02-14 01:08:00,832,16372246.021634616,35298721.04304918,6311,9536,392859,9272966,85950.0515731885,14890.7219869906,3542857.773655019,28,182,59,2,350,24,72,Benign,0.0,0
2018-02-14 01:09:00,1667,16899197.070785843,37163823.722766474,10270,16432,635155,15124364,178580.65199321503,11778.397961817172,2281857.0796779855,27,257,64,3,607,50,114,Benign,0.0,0
2018-02-14 01:10:00,1186,13223683.170320405,32688334.610411115,5421,4928,374399,1605882,280548.72762873373,24129.315607505076,2580420.065163654,16,292,60,8,455,57,138,Benign,0.0,0
2018-02-14 01:11:00,689,9016696.576197388,23065703.598603,3338,4603,277494,3864690,419556.22542203293,59604.67567154472,3884396.254716405,32,239,79,6,314,61,154,Benign,0.0,0
2018-02-14 01:12:00,818,11675953.435207823,28936413.05999854,3677,2808,272961,818369,355142.40849217493,45564.25590423712,3901758.464106094,58,250,66,5,303,36,135,Benign,0.0,0
2018-02-14 01:13:00,856,16558545.503504673,34913062.304712065,6805,8775,446312,7486314,62489.44621423028,4047.6879185340654,3054285.5914043738,14,119,75,0,425,21,58,Benign,0.0,0
2018-02-14 01:14:00,879,17151755.922639363,35551894.47254045,5102,5065,414120,2326394,273498.62682922103,16453.001511309114,3338055.021231994,15,141,75,0,393,27,71,Benign,0.0,0
2018-02-14 01:15:00,730,14806806.153424658,32517681.113071978,3764,3389,311207,1574927,292465.8396657143,33125.55597580925,4372989.728516736,17,207,93,2,325,50,124,Benign,0.0,0
2018-02-14 01:16:00,602,13761631.171096345,31010346.25252569,3007,2354,247104,539570,248357.41475009927,34112.674108386294,4606190.163128025,29,198,60,0,298,54,115,Benign,0.0,0
2018-02-14 01:17:00,431,10571600.75638051,24777179.202237867,2101,1492,188215,264979,219253.89486806182,37094.656702544016,5878333.253878045,17,155,59,2,244,37,91,Benign,0.0,0
2018-02-14 01:18:00,1570,17920133.49044586,37995226.869978435,11285,16459,643712,15253667,138895.3829223563,16490.848384260236,2218832.9127356918,31,239,66,7,623,28,121,Benign,0.0,0
2018-02-14 01:19:00,1678,15906618.305125149,36179500.310948506,9801,10410,657794,5980637,214795.68831859413,19393.54427719512,1974644.5061166985,43,306,53,13,638,48,153,Benign,0.0,0
2018-02-14 01:20:00,826,8086638.613801452,22455166.53970316,3303,2423,268657,408324,153448.35312242832,24441.493500273216,3642145.5238898452,20,353,67,2,393,73,149,Benign,0.0,0
2018-02-14 01:21:00,982,7793508.735234216,23149670.19385244,3926,2816,298283,535359,663406.3680635045,85749.04717477979,2960983.7755810004,125,502,56,11,381,72,210,Benign,0.0,0
2018-02-14 01:22:00,1190,6838405.354621849,22296678.025390606,4881,3827,364382,842987,304200.2730983289,27583.708961674427,2094404.5036888532,66,388,81,4,547,19,120,Benign,0.0,0
2018-02-14 01:23:00,951,15926494.968454259,34851053.16467915,5778,6374,483962,3731374,212427.75199901336,14967.009638771313,3359687.7277554674,14,167,60,2,462,25,108,Benign,0.0,0
2018-02-14 01:24:00,551,10923000.072595282,26791580.311517585,3124,2626,268629,977026,32727.799618227364,11399.091215649183,4388331.690180129,13,151,92,1,309,33,100,Benign,0.0,0
2018-02-14 01:25:00,460,12855029.808695652,28751681.83422822,2475,2007,228633,432800,383456.55970223603,28868.462314240554,5324444.45739085,13,154,84,4,249,17,76,Benign,0.0,0
2018-02-14 01:26:00,1034,13588345.498065764,32130419.11529276,6760,7360,436071,5627678,235846.0662203327,24356.452572105674,3041277.321572725,39,228,50,3,413,22,136,Benign,0.0,0
2018-02-14 01:27:00,2121,15022481.34040547,35431741.864561014,13020,17712,736733,15046131,305538.22963213566,14528.049513366608,1495622.3482568122,40,292,37,6,669,50,154,Benign,0.0,0
2018-02-14 01:28:00,1038,13927822.187861271,33660792.36372525,6240,11974,369597,12650439,387287.2022428451,35247.16882709327,2645953.084787049,34,282,48,0,403,60,150,Benign,0.0,0
2018-02-14 01:29:00,751,9959874.057256991,25931320.662409183,3130,2284,272371,495953,283167.98750819784,61120.37451429261,4073664.245867011,40,307,45,4,303,66,163,Benign,0.0,0
2018-02-14 01:30:00,1405,12136457.493950179,31149900.98472169,9851,14964,555141,15235952,400534.96308301616,59020.93227154751,2103872.0073752585,117,455,72,16,497,71,205,Benign,0.0,0
2018-02-14 01:31:00,1033,13791790.276863504,33012437.194337383,5524,5932,413977,3270587,95357.78281742595,16934.62416006408,3160138.692701745,33,221,100,1,439,47,133,Benign,0.0,0
2018-02-14 01:32:00,1220,14060477.049180327,33426490.359041676,9232,12918,892647,12952545,94999.61116976697,12428.47936199706,2944440.835788285,45,220,78,3,431,38,129,Benign,0.0,0
2018-02-14 01:33:00,1055,15412322.421800949,34737022.88341701,10121,13482,494292,13635583,257805.09945349445,29907.364244614466,2603897.8826993587,48,266,59,9,446,55,150,Benign,0.0,0
2018-02-14 01:34:00,564,10716712.558510639,25230734.4488319,2810,2045,269577,382973,262877.6782146301,55763.03286687314,4682776.893375597,58,228,80,3,275,43,128,Benign,0.0,0
2018-02-14 01:35:00,1343,13746534.462397616,33164923.917680692,10958,15026,547439,14458288,167268.7388187097,30962.780113115972,2284991.689696029,64,327,109,9,516,31,146,Benign,0.0,0
2018-02-14 01:36:00,1447,14952204.628887353,35970517.05682008,7979,9665,507028,6088745,168768.80790477872,12891.670745009462,1939070.0264080921,48,284,51,5,539,37,122,Benign,0.0,0
2018-02-14 01:37:00,1213,13074930.53915911,33166348.35079872,9300,12338,405102,12239114,224061.26934527236,14696.919889151912,2614319.9847151907,34,402,53,7,514,36,134,Benign,0.0,0
2018-02-14 01:38:00,972,10304059.962962963,28342882.666327816,4307,3774,353971,1018698,159513.25930760265,34078.003241854676,2623036.0875277966,31,299,97,5,371,53,149,Benign,0.0,0
2018-02-14 01:39:00,901,10562140.092119867,27847926.628031626,6716,8580,362352,8292407,430246.3792786837,51062.307198950395,2612668.346503406,70,296,82,13,342,41,138,Benign,0.0,0
2018-02-14 01:40:00,1083,11375356.170821792,28351194.38619926,5500,5388,461357,2570014,374110.4640210808,32255.99514734095,2698032.44270965,52,263,106,5,462,37,111,Benign,0.0,0
2018-02-14 01:41:00,1530,12882897.29607843,30403170.67701496,13770,20119,717798,21287544,313916.40557983075,23811.268059081936,1740432.8890297876,50,297,101,8,556,46,157,Benign,0.0,0
2018-02-14 01:42:00,451,8046526.376940133,19131441.437962003,2435,1753,238541,330655,236626.75719418225,14703.36373752311,4596989.254142918,3,114,105,0,274,27,74,Benign,0.0,0
2018-02-14 01:43:00,705,15907501.119148936,34698256.58827765,6715,9313,335934,10107020,167766.76569996658,14860.034902239226,4123597.343744777,14,197,51,0,291,33,125,Benign,0.0,0
2018-02-14 01:44:00,477,11308770.083857443,26755863.25326327,2309,1780,225189,380865,280893.1437439233,39311.2701667058,4693648.839979147,20,145,52,2,256,31,97,Benign,0.0,0
2018-02-14 01:45:00,1195,17746515.09790795,37918634.657663964,11689,17520,461844,19170833,332801.3750630537,19650.364766857685,2538999.4911501347,39,231,56,12,456,38,135,Benign,0.0,0
2018-02-14 01:46:00,813,15662722.344403444,34391031.03595246,3787,3255,314896,961149,140240.8028423182,21198.999334441112,4273056.940180262,26,174,59,8,306,46,98,Benign,0.0,0
2018-02-14 01:47:00,418,10493788.54784689,25023850.79810709,4987,7403,205225,8905001,38392.06981749552,20309.530555914083,5014931.64857308,6,171,39,1,199,66,107,Benign,0.0,0
2018-02-14 01:48:00,1233,15749691.606650446,36326532.22084382,6391,6423,483175,3227171,446949.72519434313,61971.63393612648,2249448.7330698776,90,324,56,11,443,51,180,Benign,0.0,0
2018-02-14 01:49:00,1313,17310605.24219345,37537346.53182892,11574,18118,526208,19119183,399223.2564848194,29954.04689053829,2291590.341983642,66,260,71,9,522,39,133,Benign,0.0,0
2018-02-14 01:50:00,1204,17273503.129568107,38057747.98132011,7701,8506,508134,5619783,188422.7575257966,14689.82638704144,2187026.9611970442,52,305,32,4,440,52,140,Benign,0.0,0
2018-02-14 01:51:00,756,8546609.60978836,24546687.0286588,5944,7856,238192,8773342,238316.04147360855,42616.35795637175,3397209.3097186848,43,341,35,1,294,89,183,Benign,0.0,0
2018-02-14 01:52:00,2207,14846373.786135025,35447621.890619025,11911,13883,887239,8814380,223434.24353753272,23313.362089922124,1510825.821780259,66,540,54,9,736,99,217,Benign,0.0,0
2018-02-14 01:53:00,954,7142989.206498952,22487625.679500572,6668,8691,311109,8923638,132452.41946111442,19659.479483135583,2132237.1270280895,23,324,47,1,405,63,122,Benign,0.0,0
2018-02-14 01:54:00,2039,16457522.618440412,36702574.680194266,10016,11311,653147,6454052,209193.36279571845,24671.142939215275,1829637.6063340697,69,429,26,7,610,128,246,Benign,0.0,0
2018-02-14 01:55:00,1069,15192427.49579046,35565524.0692208,8287,10596,402919,10390186,223799.63973012473,36023.521662460866,2457802.1696516927,58,301,27,5,359,68,150,Benign,0.0,0
2018-02-14 01:56:00,726,12636262.91046832,30340658.02072875,3570,3400,315316,1216726,388314.2472822194,57775.7885659473,3135374.4313760605,32,274,45,10,283,107,174,Benign,0.0,0
2018-02-14 01:57:00,1819,11025474.32655305,30007599.098078836,8323,8946,588316,4954987,459553.5846951742,50330.548616286826,1740526.9430076303,127,443,25,17,548,81,245,Benign,0.0,0
2018-02-14 01:58:00,788,9607477.709390864,27079039.912407115,3494,2827,324124,543547,535734.4835607251,45421.45970214856,2543876.897435452,55,254,55,5,312,54,136,Benign,0.0,0
2018-02-14 01:59:00,1499,13492335.35957305,33283678.15463916,8502,8937,638559,5642383,276762.38494775526,25101.226017713576,1741931.706263985,59,281,46,8,540,46,161,Benign,0.0,0
2018-02-14 02:00:00,810,12315761.743209876,30864589.576176055,3287,2826,290982,704695,222152.3426078928,29400.584186322365,3249723.967884786,32,239,25,5,275,54,110,Benign,0.0,0
2018-02-14 02:01:00,906,7421244.676600441,24028504.994672433,6653,6250,552589,1421794,35855.091657421886,112440.1633676191,2153307.5583566334,17,355,40,10,412,223,132,Benign,0.3973509933774834,1
2018-02-14 02:02:00,2900,3321039.3679310344,16633778.082124228,28419,27187,2309555,5116364,32168.107071977185,123156.66784446371,743577.0736189974,84,1294,43,7,1331,1061,149,SSH-Bruteforce,0.7082758620689655,1
2018-02-14 02:03:00,4157,8477560.306230454,27647633.505703457,40240,43522,2859227,20947030,82680.7318816967,88006.52612125895,758541.9771049296,57,1344,83,4,1764,1079,151,Benign,0.49963916285783017,1
2018-02-14 02:04:00,2953,3795680.531662716,17810793.757229537,28324,27330,2345240,4869729,147453.70559980464,119551.97975620083,697436.0367077191,32,1254,37,4,1320,1084,131,SSH-Bruteforce,0.6972570267524552,1
2018-02-14 02:05:00,2853,3666644.914125482,17553050.32389042,30449,31562,2333329,11693385,98562.71335977284,127748.72963399535,898780.972757603,29,1343,53,2,1304,1148,201,SSH-Bruteforce,0.7266035751840169,1
2018-02-14 02:06:00,2924,3254051.1867305064,16232460.162845863,29106,28094,2443621,6004438,169504.93675227734,130967.98537047961,748023.0090000344,77,1340,59,9,1350,1087,151,SSH-Bruteforce,0.7110123119015048,1
2018-02-14 02:07:00,3216,4476039.154539801,19786089.204353105,33137,33977,2497328,13027203,67596.36182734997,110984.26202014674,682928.1275497475,37,1321,52,8,1493,1081,135,SSH-Bruteforce,0.6430348258706468,1
2018-02-14 02:08:00,3515,5364224.974395448,21913065.735245936,32464,38733,2501524,18842623,170391.05937929777,102065.68806690678,798031.7901479015,49,1428,18,7,1574,1087,132,SSH-Bruteforce,0.5906116642958749,1
2018-02-14 02:09:00,2725,1775691.5801834862,9203878.932148358,28341,28380,2245774,7851587,54403.21595315193,129937.23720829237,664368.7540842678,32,1223,27,1,1287,1073,100,SSH-Bruteforce,0.756697247706422,1
2018-02-14 02:10:00,2588,1362722.164992272,8181876.445985782,27206,26771,2209915,5830103,216798.64517781365,142824.62003428882,693160.8385125032,39,1259,42,5,1281,1066,106,SSH-Bruteforce,0.8044822256568779,1
2018-02-14 02:11:00,2751,3980415.515812432,18408761.583357096,28058,27490,2313611,5134019,60241.5911667863,124162.63593531921,895564.4516010274,14,1169,46,1,1348,1059,81,SSH-Bruteforce,0.7600872410032715,1
2018-02-14 02:12:00,2904,4648973.966253444,20458217.816380505,29636,28970,2391147,6790286,39693.74960514582,117251.23578315889,680762.8388643536,18,1150,67,1,1410,1045,90,SSH-Bruteforce,0.7097107438016529,1
2018-02-14 02:13:00,2488,1556777.8930868166,9234098.752716962,26221,24636,2222091,3070065,125737.6287793542,138740.9150161315,740989.4600276997,19,1186,76,1,1257,1086,94,SSH-Bruteforce,0.8360128617363344,1
2018-02-14 02:14:00,2517,2883312.849026619,15055026.291161552,27227,26277,2221250,5077480,96306.69309913175,140678.09524754086,949787.2554294827,25,1194,40,3,1245,1098,109,SSH-Bruteforce,0.8271752085816448,1
2018-02-14 02:15:00,2926,4070914.596377307,18224871.666199893,29178,28083,2415441,4984161,157328.19684286113,126730.64850178699,676548.0198119965,41,1230,53,3,1405,1071,116,SSH-Bruteforce,0.7132604237867396,1
2018-02-14 02:16:00,2897,5057552.705212289,21382544.369298574,29337,28851,2404521,6133793,43300.70557858859,116991.98917721608,786793.467186307,11,1177,51,2,1384,1086,100,SSH-Bruteforce,0.7152226441146013,1
2018-02-14 02:17:00,2889,4644587.269297334,20044864.39255481,28360,27751,2294291,5205510,94372.44293226318,122881.27316573744,911071.1130641049,21,1240,37,2,1342,1071,95,SSH-Bruteforce,0.7213568708895812,1
2018-02-14 02:18:00,2722,2222622.5521675237,12332404.093499184,27274,25730,2242798,3619964,39143.70978532238,126827.83052749591,718224.6284603453,22,1256,54,0,1312,1100,144,SSH-Bruteforce,0.7597354886113152,1
2018-02-14 02:19:00,4033,8072594.943714357,27008097.91855947,37048,37902,2738840,13038621,122148.55577962067,89869.54241636604,756300.2796848534,63,1378,46,8,1703,1097,211,SSH-Bruteforce,0.513017604760724,1
2018-02-14 02:20:00,3170,3667364.2722397475,17396089.748119596,30244,30591,2490039,8462621,137220.10936020553,114473.22812440217,736700.4281179145,36,1333,100,9,1452,1093,164,SSH-Bruteforce,0.6529968454258676,1
2018-02-14 02:21:00,4143,8543732.920347575,27867647.314273346,38813,47708,2797892,26429199,106210.12761968111,90772.03776884625,735648.7590106454,95,1452,98,5,1721,1111,254,Benign,0.4984310885831523,1
2018-02-14 02:22:00,3009,3019380.4027916254,15870754.469785223,28448,26999,2321883,5000490,116575.79199075967,127727.38952505364,782408.3857339594,68,1377,43,6,1351,1088,161,SSH-Bruteforce,0.6856098371552011,1
2018-02-14 02:23:00,3141,3736175.2050302452,17541005.41445682,29571,32496,2301490,11984011,156312.14519471957,114539.13083194518,829998.686513763,52,1478,33,4,1405,1087,197,SSH-Bruteforce,0.6567971983444763,1
2018-02-14 02:24:00,2984,3310316.8381367293,16968821.927459326,28505,27152,2262008,5242074,114965.81717942098,132822.14031149595,688490.5961627971,84,1357,30,6,1320,1075,186,SSH-Bruteforce,0.6896782841823056,1
2018-02-14 02:25:00,3099,5591500.641497257,22186313.4494139,33251,37294,2520964,17429687,39945.09859085257,111344.770133617,908449.3440531432,25,1267,68,2,1418,1076,127,SSH-Bruteforce,0.6679574056147144,1
2018-02-14 02:26:00,3024,5591543.78505291,22641860.23450616,30328,30153,2413693,7996592,58013.023402278166,115993.56521145979,820898.2778205846,31,1222,34,3,1359,1078,142,SSH-Bruteforce,0.6838624338624338,1
2018-02-14 02:27:00,2736,3465079.2964181285,16893286.82494266,30676,32290,2264103,13160991,86862.92917372333,134213.6686505563,817033.55151383,44,1259,32,8,1247,1065,139,SSH-Bruteforce,0.7496345029239766,1
2018-02-14 02:28:00,2808,3232966.2834757837,16394180.37455701,27438,25794,2295317,3569400,73817.6725652507,125003.27290374883,986239.1803427235,44,1273,39,6,1282,1084,151,SSH-Bruteforce,0.7357549857549858,1
2018-02-14 02:29:00,2716,3115904.117083947,16083344.869053198,29997,30463,2256185,10327555,80881.43692093452,134980.79174831483,754021.971470885,41,1266,30,6,1266,1078,119,SSH-Bruteforce,0.7639911634756995,1
2018-02-14 02:30:00,3780,7888731.008994709,26616535.887602556,34714,34673,2740227,9974777,182255.91156983835,97744.52197183331,757898.2704929621,60,1311,22,8,1600,1089,148,SSH-Bruteforce,0.5502645502645502,1
2018-02-14 02:31:00,2903,5264351.087151223,22142475.097766235,32658,34500,2416654,14302423,49052.96839581691,120424.79064897295,1015785.9863033321,8,1222,34,1,1340,1101,114,SSH-Bruteforce,0.7175335859455736,1
2018-02-14 02:32:00,3137,4396866.218361492,19277102.079221573,30514,29952,2467630,7737702,90887.8052728954,110924.78972874544,779160.3988402169,43,1327,50,4,1371,1101,169,SSH-Bruteforce,0.6592285623206886,1
2018-02-14 02:33:00,2881,3440682.799375217,16799306.227737848,31384,32899,2305730,12645536,84802.23766556357,129508.58564004178,823304.465455107,49,1290,45,2,1318,1088,156,SSH-Bruteforce,0.7233599444637279,1
2018-02-14 02:34:00,2617,2596603.6213221247,14068544.142822709,27112,25459,2283146,3179865,43929.32975144875,137914.13064546534,855806.2127264709,29,1214,53,1,1265,1078,110,SSH-Bruteforce,0.7928926251432938,1
2018-02-14 02:35:00,2780,3688791.06618705,17865530.220263228,29097,29542,2234682,8597766,53526.506199447256,130238.04486574426,741262.6398889043,48,1209,19,5,1293,1049,96,SSH-Bruteforce,0.7384892086330935,1
2018-02-14 02:36:00,2643,3048161.356034809,15395059.388811678,27428,26184,2252998,4291843,32455.3225426663,127364.69677782305,898632.5438257947,8,1156,48,2,1271,1063,75,SSH-Bruteforce,0.7862277714718123,1
2018-02-14 02:37:00,2570,2232489.6171206227,11929953.552991487,26514,25195,2150350,3594267,31207.425745979417,128246.65664136625,756500.162565016,9,1193,19,0,1245,1046,67,SSH-Bruteforce,0.8023346303501946,1
2018-02-14 02:38:00,2920,3300301.7253424656,16796959.01428165,30853,32006,2290789,11597721,58554.096132356186,116696.01807166163,665615.9075434793,27,1271,15,3,1405,1050,82,SSH-Bruteforce,0.7095890410958904,1
2018-02-14 02:39:00,2639,1668825.2834406972,10551129.904836828,26422,24862,2192427,3282259,42095.34544625449,126057.93305109587,859605.9952350212,0,1250,24,1,1354,1044,76,SSH-Bruteforce,0.777567260325881,1
2018-02-14 02:40:00,2558,2189163.9401876465,12745564.996321395,26432,24918,2190011,3195814,128866.96714369823,134248.83786080044,728420.5140771,22,1205,12,2,1265,1077,86,SSH-Bruteforce,0.8123534010946052,1
2018-02-14 02:41:00,2370,1518495.8485232068,9332544.239610635,25626,23970,2119853,2980242,80480.01268295199,144004.73059916982,765709.843243364,23,1134,19,1,1202,1044,70,SSH-Bruteforce,0.8641350210970464,1
2018-02-14 02:42:00,2508,2644150.797049442,14503737.160806956,26708,25032,2203219,3210848,29169.044906946645,132316.13708204278,971527.0044804295,14,1122,53,0,1275,1051,70,SSH-Bruteforce,0.8241626794258373,1
2018-02-14 02:43:00,3488,7885821.089449542,26627767.178985026,37748,40903,2617796,19867634,112661.86258201099,98913.37997603699,707914.7076460021,42,1213,74,1,1624,1061,116,SSH-Bruteforce,0.5926032110091743,1
2018-02-14 02:44:00,2732,3294240.8982430454,16440321.413034348,27470,25873,2296818,3950818,45156.29621474666,125657.75576149614,808017.3137464337,20,1228,48,3,1288,1089,122,SSH-Bruteforce,0.7543923865300146,1
2018-02-14 02:45:00,2617,2571785.815437524,13107405.196125422,27475,30548,2212802,11475051,30060.617438594894,133397.558811538,1100483.0899103268,20,1296,33,2,1246,1133,196,SSH-Bruteforce,0.7883072220099351,1
2018-02-14 02:46:00,2850,4173249.030877193,19082546.373681795,29209,27984,2333469,6030605,124250.80390952749,130720.61794554938,874746.8909103698,58,1275,46,7,1335,1088,160,SSH-Bruteforce,0.7259649122807017,1
2018-02-14 02:47:00,2343,1473065.9428083654,9272275.606430288,25671,25379,2120715,4755623,44430.4204626059,143731.87315718542,808234.5998660937,10,1127,35,1,1180,1055,52,SSH-Bruteforce,0.8847631241997439,1
2018-02-14 02:48:00,2703,3329771.5153533113,16826755.96588735,28017,27417,2251238,5898906,59592.85780498843,127686.24413403575,786923.7093469013,38,1242,41,2,1298,1075,127,SSH-Bruteforce,0.7624861265260822,1
2018-02-14 02:49:00,2614,2645364.0321346596,14374208.30398681,27697,26632,2280766,4755523,18306.44430049903,126109.52302903525,701779.5041385114,2,1133,82,2,1333,1038,59,SSH-Bruteforce,0.787681713848508,1
2018-02-14 02:50:00,2977,4997555.689284515,21399491.469242502,29068,27683,2339537,4560052,55077.16986970442,114463.85247022248,779681.0039900482,15,1234,49,1,1400,1067,113,SSH-Bruteforce,0.6886126973463218,1
2018-02-14 02:51:00,2898,3739238.914768806,17919576.591546025,29553,29130,2360298,7649219,142929.3828625837,124215.70065349108,739784.5602059335,46,1206,67,14,1342,1060,91,SSH-Bruteforce,0.7139406487232575,1
2018-02-14 02:52:00,2654,2260440.788997739,12594877.454839544,27033,25488,2243858,3423859,24221.882746758663,125087.74765066378,692215.8655313117,5,1207,91,0,1291,1081,103,SSH-Bruteforce,0.7780708364732479,1
2018-02-14 02:53:00,2690,2858341.427881041,15477929.046373332,27204,25806,2198243,4011031,101498.9696585739,131397.3869182258,806183.4889850063,28,1238,45,3,1294,1063,86,SSH-Bruteforce,0.7669144981412639,1
2018-02-14 02:54:00,2994,2394085.8583834334,13758861.907713862,29218,28529,2300250,6211791,115495.52811824149,116589.70665313299,613106.1296652745,31,1319,50,3,1413,1081,105,SSH-Bruteforce,0.6960587842351369,1
2018-02-14 02:55:00,2833,3511271.0218849275,16960777.104443997,27756,26135,2269791,3715996,32405.70691865718,117657.0547081659,672516.8671483725,6,1209,48,1,1349,1069,103,SSH-Bruteforce,0.7257324391104836,1
2018-02-14 02:56:00,2491,2213685.383781614,12837788.218972983,26058,24565,2150268,3131243,16811.612668461774,139930.07579442958,848802.3120914358,9,1177,31,2,1223,1075,102,SSH-Bruteforce,0.8269771176234444,1
2018-02-14 02:57:00,2847,3480232.047418335,17363974.8229965,28516,27443,2305444,5198894,56582.37911646974,121695.67746139708,657850.9084404862,34,1189,55,2,1345,1061,99,SSH-Bruteforce,0.7277836318932209,1
2018-02-14 02:58:00,2720,3297158.49375,16552258.999811305,30123,31690,2282851,11649462,156469.28428515146,129910.55361981076,688659.4339799159,29,1197,44,10,1343,1056,93,SSH-Bruteforce,0.7595588235294117,1
2018-02-14 02:59:00,2636,2601006.4939301973,14047046.820870982,27483,27562,2320402,6071953,22943.51410859508,127902.49783338683,823291.2608316744,11,1162,59,2,1298,1074,80,SSH-Bruteforce,0.7879362670713201,1
2018-02-14 03:00:00,2558,1601740.7842064113,9749472.251411797,26437,24763,2223748,3088293,135706.24762268504,137520.63595701772,623017.2096514166,27,1221,56,4,1279,1066,88,SSH-Bruteforce,0.8053166536356529,1
2018-02-14 03:01:00,2509,1868331.1666002392,11246615.883337196,26552,24975,2231366,3216281,39218.20115730342,135944.33450596494,681684.1553346618,23,1168,40,3,1272,1065,92,SSH-Bruteforce,0.8254284575528099,1
2018-02-14 03:02:00,3080,5361297.346103896,21522339.40379903,31140,32241,2450824,9881982,38389.73454718397,107905.79639069532,813565.2102965768,27,1170,72,2,1459,1052,93,SSH-Bruteforce,0.6717532467532468,1
2018-02-14 03:03:00,2790,4588314.384229391,20220520.129117828,29867,35091,2343197,15916085,51369.57545218437,123423.19956687595,713968.8911956167,6,1165,39,2,1345,1065,86,SSH-Bruteforce,0.7401433691756273,1
2018-02-14 03:04:00,2622,2830637.9828375285,14679885.148185767,27214,25673,2272491,3893428,31022.25144753399,132887.29738443447,789394.2663096205,19,1223,54,1,1272,1083,125,SSH-Bruteforce,0.7852784134248665,1
2018-02-14 03:05:00,3334,4193960.2606478706,16545807.870834013,32151,35643,2529109,15038906,91617.05999264668,109275.50723629596,682388.6349846714,74,1323,53,8,1475,1085,152,SSH-Bruteforce,0.6199760047990401,1
2018-02-14 03:06:00,2425,1633431.1212371134,10111964.161800772,26028,24391,2149173,2977422,10168.264092964817,137583.91095373477,732465.2297156716,3,1146,25,1,1213,1058,70,SSH-Bruteforce,0.8548453608247423,1
2018-02-14 03:07:00,3011,4257310.294586516,17697036.563785885,29004,27563,2361966,4667913,90664.84478384422,117041.03423687062,742160.8090761963,25,1174,31,3,1409,1054,81,SSH-Bruteforce,0.6858186648953836,1
2018-02-14 03:08:00,2515,1611666.6588469185,10263364.161312925,26265,24677,2176675,3042520,35910.8979712872,130917.01193133453,720795.9070981399,0,1172,14,0,1287,1050,62,SSH-Bruteforce,0.8182902584493041,1
2018-02-14 03:09:00,2940,3674574.5462585036,17639367.913805395,28430,26859,2336177,3894347,77125.02951525465,116482.57479738146,649153.7640677085,12,1242,26,2,1467,1052,74,SSH-Bruteforce,0.7027210884353742,1
2018-02-14 03:10:00,3060,4432678.232679739,19761706.694997955,30369,31486,2470350,9482320,45385.6866203921,111506.19301433869,765993.536332258,23,1267,32,4,1483,1060,96,SSH-Bruteforce,0.6728758169934641,1
2018-02-14 03:11:00,2750,3856011.211272727,18470453.87775696,28194,27074,2221953,5495366,75806.97707984931,130568.99170894753,701047.0122943101,39,1247,31,5,1283,1076,125,SSH-Bruteforce,0.7538181818181818,1
2018-02-14 03:12:00,2640,3204398.4647727273,16196595.273814138,28002,27088,2259063,5872431,28989.617817517646,129329.13744177143,732973.8196385244,5,1191,44,3,1281,1068,118,SSH-Bruteforce,0.7787878787878788,1
2018-02-14 03:13:00,2893,3651885.156930522,17369225.700053263,28181,26094,2293291,3679011,198925.37505519757,132306.48809706385,867547.7554397889,77,1303,71,8,1341,1081,145,SSH-Bruteforce,0.717594192879364,1
2018-02-14 03:14:00,2390,1833151.7958158995,10773612.276910082,25940,24412,2190261,3030112,51306.712488240104,141510.25980246355,703488.2307216794,2,1120,46,0,1227,1058,78,SSH-Bruteforce,0.8656903765690377,1
2018-02-14 03:15:00,2588,2669625.40301391,14378266.139846684,26586,25565,2190924,4326509,64704.74502353129,139449.35005098587,739298.3650794551,42,1232,34,9,1274,1074,116,SSH-Bruteforce,0.7955950540958269,1
2018-02-14 03:16:00,2724,4661420.990455213,20612122.715802174,27972,26549,2288669,4070347,65284.57894376695,125831.25889853573,881317.0369776622,22,1163,38,2,1311,1068,109,SSH-Bruteforce,0.7558737151248165,1
2018-02-14 03:17:00,3451,7302526.900318748,26148906.79723034,36646,40310,2702112,19720468,82728.46966192988,98961.40250369014,670111.6776804222,26,1204,42,3,1551,1063,128,SSH-Bruteforce,0.5989568241089539,1
2018-02-14 03:18:00,2934,3691220.909679618,17414273.57707183,28236,26660,2282567,4196057,22596.747820158078,117497.72066262612,690884.3904902833,15,1302,29,3,1361,1102,151,SSH-Bruteforce,0.7014314928425358,1
2018-02-14 03:19:00,3064,4739381.808420366,20518546.319366958,34113,37937,2308943,20156999,149566.38735596507,117001.18280493833,765878.1406709779,69,1368,22,3,1361,1116,202,SSH-Bruteforce,0.6710182767624021,1
2018-02-14 03:20:00,2781,2168640.6087738224,12985955.95382855,27065,25072,2219344,3198536,127343.66806710565,138677.66779775356,622703.0130963083,75,1317,17,9,1295,1077,154,SSH-Bruteforce,0.7389428263214671,1
2018-02-14 03:21:00,2421,1874821.3874432053,11646005.2600238,29369,30591,2148326,12152640,51094.76551897844,140326.47068669318,767356.7419467951,24,1175,24,1,1202,1070,95,SSH-Bruteforce,0.8529533250722842,1
2018-02-14 03:22:00,2577,2529730.0667442763,14357632.451559825,26769,25101,2195192,3212330,78283.25934642428,136849.12721106404,751974.0791418399,32,1170,18,8,1230,1058,82,SSH-Bruteforce,0.8063639891346527,1
2018-02-14 03:23:00,2760,4050820.3253623187,19102676.64425279,34186,39370,2271720,22815500,149195.02707790956,129045.72685329687,664103.0175320192,32,1199,33,3,1329,1056,87,SSH-Bruteforce,0.7463768115942029,1
2018-02-14 03:24:00,3445,7076047.591582003,25708511.97496264,33057,33874,2577314,10732723,96197.53439855875,100098.175086182,748748.20069686,35,1256,25,5,1529,1070,111,SSH-Bruteforce,0.6026124818577648,1
2018-02-14 03:25:00,2763,2005166.6847629389,12498899.901510514,32601,36367,2181210,19360880,67807.3529837632,126418.85014008549,606723.9738181226,16,1338,13,7,1323,1083,125,SSH-Bruteforce,0.7506333695258777,1
2018-02-14 03:26:00,2690,3487198.1167286243,17131728.307032175,28161,27016,2268138,5090945,33278.94148502292,130598.43121524256,726249.2930724289,33,1238,17,2,1273,1090,136,SSH-Bruteforce,0.7721189591078067,1
2018-02-14 03:27:00,2612,2058403.5513016845,12442409.758611847,29660,30749,2194241,11790831,223698.82634146122,147664.8372311075,762023.714985109,84,1290,17,6,1237,1079,141,SSH-Bruteforce,0.7959418070444104,1
2018-02-14 03:28:00,2477,2034067.3326604764,12290894.272692367,26317,24766,2205913,3049417,57170.32229310701,139155.43293124277,724512.1805055265,12,1174,15,0,1230,1081,79,SSH-Bruteforce,0.8421477593863544,1
2018-02-14 03:29:00,2786,3051544.111270639,15844600.154521324,31474,34550,2291138,16236043,184758.9283785813,127671.88052446076,641472.6266988934,29,1198,18,2,1299,1059,97,SSH-Bruteforce,0.7451543431442929,1
2018-02-14 03:30:00,2597,2316691.3546399693,13530560.269722948,26871,25275,2281158,3232650,27522.090970754507,128928.51840761464,759889.0585942182,6,1167,24,0,1289,1060,70,SSH-Bruteforce,0.7986137851366962,1
2018-02-14 03:31:00,2689,3417147.526961696,16514397.883578738,30888,35635,2309495,17310535,33000.509138037174,124735.64793354769,1011199.5696710985,17,1183,48,2,1294,1086,106,SSH-Bruteforce,0.7809594644849387,1
2018-02-14 03:32:00,1811,6856809.804527885,24411123.382335644,16418,15539,1334469,3041021,188542.39829691456,105037.43613066996,1746762.35458507,15,696,46,6,812,566,114,SSH-Bruteforce,0.5831032578685809,1
2018-02-14 03:33:00,399,13055247.68170426,29250001.8234577,4586,6907,200148,8180964,317205.0178567729,40584.98363276291,7521821.812108018,22,123,62,3,196,24,80,Benign,0.0,0
2018-02-14 03:34:00,452,9352021.137168141,22422276.310240634,2428,2034,252498,596901,735640.3269453343,46244.25947178053,3846124.4991168748,14,116,75,0,236,21,66,Benign,0.0,0
2018-02-14 03:35:00,333,10975768.783783784,25107882.732130315,2683,4928,166823,5576885,585737.0910538388,36351.90725254577,4814120.034911058,8,85,33,2,186,7,51,Benign,0.0,0
2018-02-14 03:36:00,560,15845611.8375,35089134.9690088,4356,5265,307714,4717622,248395.03316360802,10006.269466946409,3176494.3675261503,9,96,63,2,245,9,51,Benign,0.0,0
2018-02-14 03:37:00,345,15224262.188405797,33803683.77558887,2636,3445,181709,3176939,60723.075166197304,24841.58696047268,4349968.916613465,8,81,47,2,171,12,55,Benign,0.0,0
2018-02-14 03:38:00,693,16579948.975468975,36721589.559242755,3816,4263,239996,2757972,140272.85111150364,15018.113318323829,2924370.343015302,8,155,32,0,267,19,56,Benign,0.0,0
2018-02-14 03:39:00,390,6485585.664102565,19372422.915515512,1506,1129,125935,195715,236964.5812181717,49185.493352211925,3923951.924155145,23,183,43,4,191,30,79,Benign,0.0,0
2018-02-14 03:40:00,629,7376360.249602544,23708396.202463742,2481,2036,175723,419019,458970.8146894049,44317.35519235665,2287131.971806474,21,259,41,2,304,24,74,Benign,0.0,0
2018-02-14 03:41:00,397,11008247.471032746,29136349.30955751,1569,1141,95855,221013,528162.5752117778,60272.99321556639,4682987.326583374,37,145,26,6,156,24,77,Benign,0.0,0
2018-02-14 03:42:00,370,17158601.04054054,35811776.06795842,2029,2728,167447,1932666,63847.96511828874,22288.15518979834,4082270.819753553,7,90,23,1,154,16,52,Benign,0.0,0
2018-02-14 03:43:00,234,10292749.397435898,22321202.260539442,1162,913,121240,181855,539091.0363978568,23497.59294652666,5767349.622688794,5,67,44,1,136,13,37,Benign,0.0,0
2018-02-14 03:44:00,290,15494422.851724138,31285746.246398244,1642,1401,199199,288992,11479.208655334742,7640.210707020371,6947171.52469303,4,73,50,0,175,13,54,Benign,0.0,0
2018-02-14 03:45:00,332,9528451.180722892,20822821.837300766,1763,1399,192770,285791,189216.98840197883,30298.75876686042,5043746.685171796,16,102,58,1,204,15,61,Benign,0.0,0
2018-02-14 03:46:00,228,13440543.478070175,26401669.303762957,1207,978,144457,193527,14681.740476293691,6666.120482101753,8104923.891169071,3,58,35,0,134,14,42,Benign,0.0,0
2018-02-14 03:47:00,479,19518301.542797495,39234302.46102204,4090,5183,348889,4684426,219034.43365823966,17561.17459184474,4070416.7162342207,21,97,19,3,187,9,62,Benign,0.0,0
2018-02-14 03:48:00,230,10220818.573913043,24840168.352191027,1024,825,94773,152043,79069.52052130892,8641.33739578298,5978194.040422686,2,79,20,0,132,8,35,Benign,0.0,0
2018-02-14 03:49:00,321,13376994.990654206,30745651.026508424,2109,2522,121026,2128636,110667.32325433144,11429.64663028234,4833718.133091329,10,91,6,1,143,12,58,Benign,0.0,0
2018-02-14 03:50:00,295,8741734.755932203,24611611.79039781,1010,663,63718,108972,165795.66614428084,23717.106807601867,5396959.529501344,26,144,7,3,130,13,65,Benign,0.0,0
2018-02-14 03:51:00,418,11882734.626794258,29723966.307143938,2155,3749,141137,3792919,83926.13116143455,6253.386784243146,3521998.1164967907,7,68,14,0,147,16,51,Benign,0.0,0
2018-02-14 03:52:00,284,13613171.876760563,30489546.824620903,1746,2019,97856,1884886,180717.1239789365,17598.17561309105,6120300.52799257,10,79,28,2,130,15,49,Benign,0.0,0
2018-02-14 03:53:00,250,9625430.82,24657701.852469295,1018,706,87565,105054,34533.64281864996,10089.500316226406,5741848.365064591,3,87,21,0,128,12,61,Benign,0.0,0
2018-02-14 03:54:00,505,17144505.774257425,38075205.50377031,4697,7605,147312,8637544,136244.55102949523,15502.390554765778,3099552.6196512957,12,127,5,0,200,14,52,Benign,0.0,0
2018-02-14 03:55:00,484,19778955.07644628,39921101.794884145,3222,4871,190424,4441790,147957.12902692283,11262.151300365771,4052905.3439455,4,126,8,1,222,8,32,Benign,0.0,0
2018-02-14 03:56:00,1396,15406137.247851003,36838870.88357199,7108,8499,473130,5372261,281220.13076757424,20808.348730952654,1419214.3094052318,49,306,18,8,454,53,126,Benign,0.0,0
2018-02-14 03:57:00,369,9343838.653116532,25243863.150638945,1730,2540,136655,2331957,146253.09545396233,48592.7854706702,3953927.913920241,24,172,29,3,138,37,103,Benign,0.0,0
2018-02-14 03:58:00,878,15443960.217539864,35301368.25580367,6725,11088,236146,12316948,267691.6645141934,47046.97191471191,2534083.4840800185,48,297,7,16,259,95,186,Benign,0.0,0
2018-02-14 03:59:00,340,10467590.452941176,26622400.27846571,1534,2169,141048,1966612,650597.3432615616,75404.00382150974,4074928.772864534,29,142,5,5,124,34,76,Benign,0.0,0
2018-02-14 04:00:00,432,9090726.145833334,23566251.799713396,2284,2490,153538,2075231,401428.01898516796,40899.19034108165,3455524.4469613144,21,166,21,4,182,34,78,Benign,0.0,0
2018-02-14 04:01:00,307,13470079.361563519,29797646.584329467,1414,2496,110566,2472818,353586.36203354306,78139.77265013247,6069644.990762861,31,123,27,4,126,27,71,Benign,0.0,0
2018-02-14 04:02:00,221,11254895.533936651,25229805.82595,1024,755,79093,118783,38416.272141762565,7541.041717576105,6414912.283432571,2,69,30,0,128,10,45,Benign,0.0,0
2018-02-14 04:03:00,480,15169865.520833334,31812111.5760385,3700,5932,222830,6082844,584732.7248106952,25000.346042287907,3149264.5917000133,17,92,22,4,186,17,56,Benign,0.0,0
2018-02-14 04:04:00,207,14913096.526570048,31744892.092488356,912,718,75162,200004,29997.101251827567,6262.810295103435,7982034.133792673,0,53,19,0,99,8,38,Benign,0.0,0
2018-02-14 04:05:00,261,9355416.084291188,22453775.508420557,2177,3178,96817,3576590,172001.18006895165,25927.80357394462,5163058.677795819,14,105,22,3,136,16,58,Benign,0.0,0
2018-02-14 04:06:00,264,18036739.90530303,36547154.44643155,1859,2178,75053,2062679,185857.1863420041,21563.57924462028,5627981.869939051,5,66,8,0,103,17,43,Benign,0.0,0
2018-02-14 04:07:00,326,12571604.549079755,30088006.870055936,1390,1219,135437,432621,69385.59147558363,10711.981980097466,5072318.945364601,1,58,29,2,117,14,28,Benign,0.0,0
2018-02-14 04:08:00,381,16689958.698162729,34924191.864852756,3354,4255,159639,4036549,188666.63233785323,21041.634412702773,3814871.8264026046,8,103,28,0,206,14,55,Benign,0.0,0
2018-02-14 04:09:00,685,16145205.445255475,33775138.30450012,3751,4752,229555,3338240,266180.8503550676,32349.22995664245,2611755.906206774,20,164,13,2,261,24,88,Benign,0.0,0
2018-02-14 04:10:00,536,8799221.867537314,25360765.12713086,2232,1967,157039,894716,168313.8840549127,14265.426123147317,2967784.831032771,21,212,15,0,232,18,56,Benign,0.0,0
2018-02-14 04:11:00,376,4635165.981382979,16453025.025620874,1177,886,75927,152455,203649.19265412548,16198.06176865514,3151312.7034036424,6,144,19,3,168,10,39,Benign,0.0,0
2018-02-14 04:12:00,189,13576450.354497354,29237474.241593063,817,570,66302,96557,53339.98339737752,20339.156275681395,8103810.6792283235,8,69,22,0,99,11,41,Benign,0.0,0
2018-02-14 04:13:00,422,14645293.165876778,33590564.68956867,2483,2474,147326,1634836,88525.75393356549,9482.993407618598,3354687.9672834906,17,87,31,1,184,4,59,Benign,0.0,0
2018-02-14 04:14:00,935,18770115.471657753,38363072.44750374,5257,5413,394730,2698948,153573.56286378467,11748.814694004017,2003649.1054678613,11,148,42,1,352,25,70,Benign,0.0,0
2018-02-14 04:15:00,417,12692681.901678657,31070798.959742095,1584,1285,114939,370501,74639.38333342849,11650.636427971102,4235740.318487686,1,127,15,1,151,32,77,Benign,0.0,0
2018-02-14 04:16:00,987,16833932.675785206,37615911.81704921,9616,13243,291955,14351275,214924.56451434182,34621.48623251632,1686809.337520004,40,240,11,4,280,88,161,Benign,0.0,0
2018-02-14 04:17:00,227,10165715.56828194,24490572.30174404,849,629,65878,99590,67883.15885850503,41234.74215413542,5950180.168900762,18,106,15,3,87,30,64,Benign,0.0,0
2018-02-14 04:18:00,589,13954036.601018677,32675924.976513527,5936,8444,212626,9537895,646673.1170455111,57670.21536916636,3310947.26729225,44,206,39,2,200,43,105,Benign,0.0,0
2018-02-14 04:19:00,364,7566100.96978022,21900201.411143076,2285,2417,154051,1962329,321742.6441793511,82697.03362701963,3661603.673589656,34,148,41,6,170,18,78,Benign,0.0,0
2018-02-14 04:20:00,292,9346278.914383562,23923539.318025343,4643,7021,175478,8569187,92118.78235154136,22775.90647039594,4596443.8380678175,4,86,56,1,185,15,38,Benign,0.0,0
2018-02-14 04:21:00,312,9894484.759615384,26269515.76734875,1378,1096,122937,239885,657384.401376604,56345.02431476507,4766836.973317438,22,78,36,3,133,7,46,Benign,0.0,0
2018-02-14 04:22:00,274,16851660.44890511,36047296.48110522,4477,6787,73097,8742663,204976.1293883868,11974.898447748927,4852654.683172597,8,52,3,0,98,5,34,Benign,0.0,0
2018-02-14 04:23:00,321,12783090.800623054,30589434.86607106,1377,1753,78077,1340896,722787.5280296741,28741.051735290534,5168735.623472473,4,73,14,3,108,14,45,Benign,0.0,0
2018-02-14 04:24:00,686,16219004.720116617,35755681.85375952,7312,12073,252594,13651628,373826.32080938696,18352.725451387352,2428864.035285708,20,137,12,0,253,23,75,Benign,0.0,0
2018-02-14 04:25:00,529,10950968.083175803,28534514.575103838,2213,1883,162191,426884,119712.2116631859,10166.388618492281,2780176.305213989,12,167,38,1,231,24,60,Benign,0.0,0
2018-02-14 04:26:00,1205,17454392.83319502,37394526.93451112,9929,14090,465811,13973052,310164.42309732595,30524.529998520145,1842916.7486830845,36,270,32,2,431,47,124,Benign,0.0,0
2018-02-14 04:27:00,722,11179829.11634349,30689169.25230444,4249,5235,169021,5053978,1008132.9734182074,64654.99711149262,2300725.3682264313,56,225,25,10,196,42,112,Benign,0.0,0
2018-02-14 04:28:00,294,9052838.3707483,24430785.967352953,1170,849,91865,138512,112247.37753929428,55422.82328652254,4112561.642042032,13,137,11,4,115,28,78,Benign,0.0,0
2018-02-14 04:29:00,370,10687931.943243243,27551973.36560949,1337,945,99477,279337,114047.63602915686,39758.61256951813,4212760.499304246,47,149,9,3,108,25,83,Benign,0.0,0
2018-02-14 04:30:00,784,13200669.19132653,32028845.088437576,5022,6008,306645,4774537,149087.49838535528,13671.119505256987,1751989.1130788336,23,172,24,3,293,16,89,Benign,0.0,0
2018-02-14 04:31:00,276,9758473.93478261,24328322.083813637,1011,794,81582,220727,165856.4250253847,33533.217615411864,5839462.077871037,4,88,11,0,103,31,67,Benign,0.0,0
2018-02-14 04:32:00,425,17375870.24,36822046.99427747,2214,2200,129020,1229252,77101.39058470467,8022.090003419282,4421437.612542105,18,112,11,1,154,18,73,Benign,0.0,0
2018-02-14 04:33:00,201,9790871.865671642,25059549.433745604,776,540,47322,118193,46650.06888699676,7345.80447247858,5664948.314089325,0,53,14,1,86,5,34,Benign,0.0,0
2018-02-14 04:34:00,204,10933026.598039215,25928682.330295768,961,692,76550,158425,9678.008425462642,34220.20066624213,6013816.478862245,2,64,25,0,110,18,48,Benign,0.0,0
2018-02-14 04:35:00,192,13510290.567708334,30192486.981280677,710,508,54493,111333,249374.8477893032,43008.8499074289,7133001.507821889,19,80,6,1,78,12,41,Benign,0.0,0
2018-02-14 04:36:00,164,13167897.420731707,28734057.176983863,709,507,56382,103203,782216.6177442685,32746.375951920876,7067995.787653442,6,51,12,0,77,13,33,Benign,0.0,0
2018-02-14 04:37:00,179,13097837.022346368,28423003.685165495,910,725,78033,242817,305308.5892928819,25168.768313011915,7157328.018522489,5,53,22,0,104,5,31,Benign,0.0,0
2018-02-14 04:38:00,197,11442009.52284264,28008812.83450998,788,588,49512,115879,93735.74207923889,18284.43587358913,6663696.232629078,0,66,19,0,108,8,37,Benign,0.0,0
2018-02-14 04:39:00,239,9436319.853556486,24061021.192439437,1321,1087,130166,308044,80115.73965657035,5669.914011704593,5002326.92818196,3,51,53,0,163,3,29,Benign,0.0,0
2018-02-14 04:40:00,869,15971761.008055236,36471111.8728844,6176,7529,401624,6291498,129400.51475856865,6106.272523174036,2218817.903383833,20,167,42,5,355,22,73,Benign,0.0,0
2018-02-14 04:41:00,805,14109118.480745342,34446614.20895232,4810,5538,259012,4098871,179026.61930568304,14469.786901281246,1768350.7656472593,8,180,45,2,307,30,87,Benign,0.0,0
2018-02-14 04:42:00,449,5119711.091314031,17854007.28814391,1464,1048,94139,167386,204167.11742071467,39008.2140532784,2739227.398907995,21,223,35,4,188,51,106,Benign,0.0,0
2018-02-14 04:43:00,409,12454839.74816626,30332757.254608493,1858,1429,133901,410626,513847.41867147246,48071.8412995664,3742919.9266176424,29,145,42,7,162,29,92,Benign,0.0,0
2018-02-14 04:44:00,260,13331671.465384616,28273231.825035773,1246,908,117835,216725,741585.9563420443,94474.56756396103,5075397.591064507,31,102,35,3,118,16,63,Benign,0.0,0
2018-02-14 04:45:00,810,15069142.796296297,33567613.23072713,4684,5224,327440,3135645,124831.30286683652,11772.682856915162,2272011.9167902265,22,130,51,2,294,29,91,Benign,0.0,0
2018-02-14 04:46:00,466,14292550.99356223,33078752.07369731,2130,1993,190290,953681,138746.98933684677,19178.867829806655,4348058.114628915,8,106,42,1,152,42,72,Benign,0.0,0
2018-02-14 04:47:00,301,12223731.568106312,28187633.47033479,1460,1265,151801,325714,161551.31043442435,35106.09110640907,4278577.446835408,11,118,35,0,124,31,66,Benign,0.0,0
2018-02-14 04:48:00,994,15368095.767605634,36330171.56541629,5913,6806,374901,4931322,282013.94564874476,25934.35967898534,1671992.3921272955,46,179,45,6,312,27,96,Benign,0.0,0
2018-02-14 04:49:00,346,11094536.161849711,28508549.504233975,1638,1339,143610,308618,82815.40752001284,12510.263820964316,4362421.85400598,7,102,62,2,175,8,45,Benign,0.0,0
2018-02-14 04:50:00,545,9790320.374311926,27536928.93252365,2565,2414,202386,972138,87369.38015344352,17661.40867623551,2420196.981523089,11,171,68,4,235,58,104,Benign,0.0,0
2018-02-14 04:51:00,529,12106776.22495274,31237749.229073174,2819,2744,162700,1695368,604701.676295061,59512.7154161509,2813876.6888761492,57,156,51,4,178,27,85,Benign,0.0,0
2018-02-14 04:52:00,302,8884708.569536423,23297901.929531634,1551,1184,173112,234806,40727.681516152625,29166.402870950627,4442404.499522123,7,92,85,1,167,14,55,Benign,0.0,0
2018-02-14 04:53:00,850,13469127.394117648,33073113.0969856,5191,6416,392750,4545224,406028.96711688745,27798.195351384595,1830200.922411838,21,119,70,6,315,21,67,Benign,0.0,0
2018-02-14 04:54:00,943,18534403.444326617,38728787.96646364,5939,7311,498414,5059228,344297.46962721716,27398.61535112883,2040111.7911112253,30,155,73,11,358,32,75,Benign,0.0,0
2018-02-14 04:55:00,450,12850079.875555556,31428272.46642924,2371,2187,214277,555560,290572.536128737,27708.14197994859,3096429.6921659145,7,143,69,1,211,28,64,Benign,0.0,0
2018-02-14 04:56:00,489,6820162.505112475,22382245.37186879,1835,1446,160911,260817,497523.67176871817,52585.67235719989,2634525.749982682,30,222,48,2,188,62,121,Benign,0.0,0
2018-02-14 04:57:00,729,10292217.25377229,29908098.628199987,3034,2654,212816,718226,309118.4248914406,55751.68449135827,2408369.459238999,52,247,60,5,284,20,87,Benign,0.0,0
2018-02-14 04:58:00,563,12029673.861456484,29037494.593817133,2374,2533,179532,1190803,392228.05943641684,21222.43577585143,2373768.662518868,20,119,23,2,191,24,47,Benign,0.0,0
2018-02-14 04:59:00,705,7404597.424113475,21962735.78110067,4566,6355,248465,6337542,180543.19431791257,26753.745960349235,1950753.918008896,23,143,14,0,241,29,77,Benign,0.0,0
2018-02-14 05:00:00,345,8801328.504347825,23530877.92276733,2044,2794,226447,2599908,817301.2279756854,46773.609424271934,4451705.920976415,10,105,16,3,169,19,48,Benign,0.0,0
2018-02-14 05:01:00,175,10461324.502857143,22865517.671508178,733,537,66443,108106,19633.27362280711,13143.60769987238,6235970.607758368,2,66,12,0,90,17,53,Benign,0.0,0
2018-02-14 05:02:00,166,11321823.313253012,25806581.865601894,691,477,54280,82914,98414.34743496492,26027.3081994951,7487109.204412688,3,57,16,0,90,9,38,Benign,0.0,0
2018-02-14 05:03:00,260,16702587.319230769,34178051.145660095,2376,3192,125035,3127511,509374.804427503,23788.68045148258,5826862.707221534,9,59,27,0,129,11,33,Benign,0.0,0
2018-02-14 05:04:00,129,13598882.968992248,25776749.67062143,587,412,54715,86825,6616.829189116677,4492.092192712674,9447830.97090865,3,44,19,0,67,12,24,Benign,0.0,0
2018-02-14 05:05:00,536,19340671.585820895,39936789.95900823,3049,2998,222804,1242698,375471.87221858476,24127.288668124595,2831809.664622207,22,113,10,1,202,33,69,Benign,0.0,0
2018-02-14 05:06:00,410,13730785.978048781,32086588.47833261,1903,1637,156287,445244,144791.76325862977,20661.64999886106,3802628.9522495647,10,89,19,0,176,14,53,Benign,0.0,0
2018-02-14 05:07:00,335,10635713.03880597,26362237.03305932,1456,1310,143007,394080,68421.64868364109,22024.518015712896,3931941.492224921,4,121,33,0,139,46,82,Benign,0.0,0
2018-02-14 05:08:00,794,16102092.787153652,37078566.50508125,3861,3638,277118,1372324,176378.6686943036,25602.16664965705,2082733.5146014583,28,150,35,2,268,24,87,Benign,0.0,0
2018-02-14 05:09:00,474,14744598.860759493,33514385.44787305,2803,3127,157629,2259181,301925.13594704727,31032.621442679727,3261127.81189076,20,124,23,3,197,25,73,Benign,0.0,0
2018-02-14 05:10:00,328,9678273.204268293,25625750.316261783,1368,1052,113664,173719,168434.98871574792,45402.10557242212,3964274.241070526,11,149,27,0,155,35,73,Benign,0.0,0
2018-02-14 05:11:00,334,8244186.583832336,24471708.8991939,1107,689,63752,104321,770014.3058828053,58652.19375448387,4514069.722880648,44,176,24,3,123,26,76,Benign,0.0,0
2018-02-14 05:12:00,311,7193420.0578778135,23303278.446716662,1070,802,59716,119184,564695.9089497502,58543.85649208348,3518266.766253232,14,145,7,2,138,3,41,Benign,0.0,0
2018-02-14 05:13:00,251,8221794.980079682,22845624.46386816,856,611,63901,110910,165120.4036177846,9149.878307622184,4847682.413011982,2,81,13,0,117,3,17,Benign,0.0,0
2018-02-14 05:14:00,162,20501332.83950617,36444265.62710241,724,515,64975,114122,18074.183407432563,18161.197659299032,9388770.408029705,1,47,10,0,77,3,31,Benign,0.0,0
2018-02-14 05:15:00,275,10825825.134545455,26670684.443208553,1077,834,87907,194639,78331.16175327086,7223.441174961199,4168408.60426475,2,62,20,0,113,13,36,Benign,0.0,0
2018-02-14 05:16:00,259,12211605.644787645,28376619.671312876,1093,907,95422,199336,69108.9167083555,5962.427873584576,5579191.488667166,4,52,22,0,100,14,38,Benign,0.0,0
2018-02-14 05:17:00,456,16672997.298245614,36859333.846359394,2212,2323,118766,1332831,119426.15826144083,21120.418799459858,3583568.8521725587,12,80,5,2,135,11,53,Benign,0.0,0
2018-02-14 05:18:00,865,16876531.776878614,37537366.00955169,6039,7943,368771,7090341,271304.6541669181,14968.361531868273,1703200.7765687457,16,124,0,2,268,26,67,Benign,0.0,0
2018-02-14 05:19:00,539,16062682.543599257,35090687.62584465,2828,2718,172175,1311946,251987.74426260818,20911.12340120351,2796171.9086471214,12,163,12,2,216,37,90,Benign,0.0,0
2018-02-14 05:20:00,362,8803435.79281768,24576165.13976057,1226,826,77301,134970,799340.6322795545,76707.45167908815,4258379.156822276,26,201,16,4,134,52,121,Benign,0.0,0
2018-02-14 05:21:00,405,13912473.851851853,34040092.38245483,1783,1445,109914,586655,423655.51616059366,80090.21892961893,3167478.756839757,50,164,11,4,120,36,93,Benign,0.0,0
2018-02-14 05:22:00,692,20735624.50144509,41641384.805578485,4048,5629,254153,4298555,135303.1160501575,15981.918964872882,2368155.329312792,10,91,12,4,229,13,55,Benign,0.0,0
2018-02-14 05:23:00,226,11696271.088495575,28429629.506678164,807,536,58609,90954,40017.88194474386,21933.096106009598,6187128.372124894,1,78,8,2,90,21,58,Benign,0.0,0
2018-02-14 05:24:00,421,15902505.909738718,34659435.134258725,1862,1594,123670,451294,313155.40289816284,37107.311002782604,3385664.59076596,32,150,9,4,126,43,102,Benign,0.0,0
2018-02-14 05:25:00,265,13053902.301886793,29869049.65280029,943,664,67569,129573,376380.1597256791,75174.80447724792,5536574.000545668,34,124,11,2,81,20,57,Benign,0.0,0
2018-02-14 05:26:00,387,11993586.193798449,26642740.732178297,3022,3777,199360,3501414,103156.16509058829,14476.975207596846,3035051.537031071,2,101,30,0,173,20,56,Benign,0.0,0
2018-02-14 05:27:00,629,13635507.216216216,29018595.128181797,3728,4374,251284,3059771,181027.73303793874,11942.977064020626,2363286.2671381873,8,144,21,0,256,22,56,Benign,0.0,0
2018-02-14 05:28:00,437,5735970.363844394,17706250.987618092,1598,1273,121748,265793,397368.0207893456,16618.33166261305,3331324.721548202,1,155,35,0,217,8,34,Benign,0.0,0
2018-02-14 05:29:00,222,4103077.8198198196,11564155.856769836,990,723,99398,141462,97539.37834440639,6800.232329920188,2727121.7843684526,8,60,8,0,124,15,34,Benign,0.0,0
2018-02-14 05:30:00,149,1020400.8791946309,1821320.665966713,3938,8927,148965,117573,95940.36572760106,6874.055254863698,82290.84864660354,0,25,13,0,80,1,18,Benign,0.0,0
2018-02-14 05:31:00,0,,,0,0,0,0,,,,0,0,0,0,0,0,0,NoTraffic,,0
2018-02-14 05:32:00,0,,,0,0,0,0,,,,0,0,0,0,0,0,0,NoTraffic,,0
2018-02-14 05:33:00,0,,,0,0,0,0,,,,0,0,0,0,0,0,0,NoTraffic,,0
2018-02-14 05:34:00,0,,,0,0,0,0,,,,0,0,0,0,0,0,0,NoTraffic,,0
2018-02-14 05:35:00,0,,,0,0,0,0,,,,0,0,0,0,0,0,0,NoTraffic,,0
2018-02-14 05:36:00,0,,,0,0,0,0,,,,0,0,0,0,0,0,0,NoTraffic,,0
2018-02-14 05:37:00,0,,,0,0,0,0,,,,0,0,0,0,0,0,0,NoTraffic,,0
2018-02-14 05:38:00,0,,,0,0,0,0,,,,0,0,0,0,0,0,0,NoTraffic,,0
2018-02-14 05:39:00,0,,,0,0,0,0,,,,0,0,0,0,0,0,0,NoTraffic,,0
2018-02-14 05:40:00,0,,,0,0,0,0,,,,0,0,0,0,0,0,0,NoTraffic,,0
2018-02-14 05:41:00,0,,,0,0,0,0,,,,0,0,0,0,0,0,0,NoTraffic,,0
2018-02-14 05:42:00,0,,,0,0,0,0,,,,0,0,0,0,0,0,0,NoTraffic,,0
2018-02-14 05:43:00,0,,,0,0,0,0,,,,0,0,0,0,0,0,0,NoTraffic,,0
2018-02-14 05:44:00,0,,,0,0,0,0,,,,0,0,0,0,0,0,0,NoTraffic,,0
2018-02-14 05:45:00,0,,,0,0,0,0,,,,0,0,0,0,0,0,0,NoTraffic,,0
2018-02-14 05:46:00,0,,,0,0,0,0,,,,0,0,0,0,0,0,0,NoTraffic,,0
2018-02-14 05:47:00,0,,,0,0,0,0,,,,0,0,0,0,0,0,0,NoTraffic,,0
2018-02-14 05:48:00,0,,,0,0,0,0,,,,0,0,0,0,0,0,0,NoTraffic,,0
2018-02-14 05:49:00,0,,,0,0,0,0,,,,0,0,0,0,0,0,0,NoTraffic,,0
2018-02-14 05:50:00,0,,,0,0,0,0,,,,0,0,0,0,0,0,0,NoTraffic,,0
2018-02-14 05:51:00,0,,,0,0,0,0,,,,0,0,0,0,0,0,0,NoTraffic,,0
2018-02-14 05:52:00,0,,,0,0,0,0,,,,0,0,0,0,0,0,0,NoTraffic,,0
2018-02-14 05:53:00,0,,,0,0,0,0,,,,0,0,0,0,0,0,0,NoTraffic,,0
2018-02-14 05:54:00,0,,,0,0,0,0,,,,0,0,0,0,0,0,0,NoTraffic,,0
2018-02-14 05:55:00,0,,,0,0,0,0,,,,0,0,0,0,0,0,0,NoTraffic,,0
2018-02-14 05:56:00,0,,,0,0,0,0,,,,0,0,0,0,0,0,0,NoTraffic,,0
2018-02-14 05:57:00,0,,,0,0,0,0,,,,0,0,0,0,0,0,0,NoTraffic,,0
2018-02-14 05:58:00,0,,,0,0,0,0,,,,0,0,0,0,0,0,0,NoTraffic,,0
2018-02-14 05:59:00,0,,,0,0,0,0,,,,0,0,0,0,0,0,0,NoTraffic,,0
2018-02-14 06:00:00,0,,,0,0,0,0,,,,0,0,0,0,0,0,0,NoTraffic,,0
2018-02-14 06:01:00,0,,,0,0,0,0,,,,0,0,0,0,0,0,0,NoTraffic,,0
2018-02-14 06:02:00,0,,,0,0,0,0,,,,0,0,0,0,0,0,0,NoTraffic,,0
2018-02-14 06:03:00,0,,,0,0,0,0,,,,0,0,0,0,0,0,0,NoTraffic,,0
2018-02-14 06:04:00,0,,,0,0,0,0,,,,0,0,0,0,0,0,0,NoTraffic,,0
2018-02-14 06:05:00,0,,,0,0,0,0,,,,0,0,0,0,0,0,0,NoTraffic,,0
2018-02-14 06:06:00,0,,,0,0,0,0,,,,0,0,0,0,0,0,0,NoTraffic,,0
2018-02-14 06:07:00,0,,,0,0,0,0,,,,0,0,0,0,0,0,0,NoTraffic,,0
2018-02-14 06:08:00,0,,,0,0,0,0,,,,0,0,0,0,0,0,0,NoTraffic,,0
2018-02-14 06:09:00,0,,,0,0,0,0,,,,0,0,0,0,0,0,0,NoTraffic,,0
2018-02-14 06:10:00,0,,,0,0,0,0,,,,0,0,0,0,0,0,0,NoTraffic,,0
2018-02-14 06:11:00,0,,,0,0,0,0,,,,0,0,0,0,0,0,0,NoTraffic,,0
2018-02-14 06:12:00,0,,,0,0,0,0,,,,0,0,0,0,0,0,0,NoTraffic,,0
2018-02-14 06:13:00,0,,,0,0,0,0,,,,0,0,0,0,0,0,0,NoTraffic,,0
2018-02-14 06:14:00,0,,,0,0,0,0,,,,0,0,0,0,0,0,0,NoTraffic,,0
2018-02-14 06:15:00,0,,,0,0,0,0,,,,0,0,0,0,0,0,0,NoTraffic,,0
2018-02-14 06:16:00,0,,,0,0,0,0,,,,0,0,0,0,0,0,0,NoTraffic,,0
2018-02-14 06:17:00,0,,,0,0,0,0,,,,0,0,0,0,0,0,0,NoTraffic,,0
2018-02-14 06:18:00,0,,,0,0,0,0,,,,0,0,0,0,0,0,0,NoTraffic,,0
2018-02-14 06:19:00,0,,,0,0,0,0,,,,0,0,0,0,0,0,0,NoTraffic,,0
2018-02-14 06:20:00,0,,,0,0,0,0,,,,0,0,0,0,0,0,0,NoTraffic,,0
2018-02-14 06:21:00,0,,,0,0,0,0,,,,0,0,0,0,0,0,0,NoTraffic,,0
2018-02-14 06:22:00,0,,,0,0,0,0,,,,0,0,0,0,0,0,0,NoTraffic,,0
2018-02-14 06:23:00,0,,,0,0,0,0,,,,0,0,0,0,0,0,0,NoTraffic,,0
2018-02-14 06:24:00,0,,,0,0,0,0,,,,0,0,0,0,0,0,0,NoTraffic,,0
2018-02-14 06:25:00,0,,,0,0,0,0,,,,0,0,0,0,0,0,0,NoTraffic,,0
2018-02-14 06:26:00,0,,,0,0,0,0,,,,0,0,0,0,0,0,0,NoTraffic,,0
2018-02-14 06:27:00,0,,,0,0,0,0,,,,0,0,0,0,0,0,0,NoTraffic,,0
2018-02-14 06:28:00,0,,,0,0,0,0,,,,0,0,0,0,0,0,0,NoTraffic,,0
2018-02-14 06:29:00,0,,,0,0,0,0,,,,0,0,0,0,0,0,0,NoTraffic,,0
2018-02-14 06:30:00,0,,,0,0,0,0,,,,0,0,0,0,0,0,0,NoTraffic,,0
2018-02-14 06:31:00,0,,,0,0,0,0,,,,0,0,0,0,0,0,0,NoTraffic,,0
2018-02-14 06:32:00,0,,,0,0,0,0,,,,0,0,0,0,0,0,0,NoTraffic,,0
2018-02-14 06:33:00,0,,,0,0,0,0,,,,0,0,0,0,0,0,0,NoTraffic,,0
2018-02-14 06:34:00,0,,,0,0,0,0,,,,0,0,0,0,0,0,0,NoTraffic,,0
2018-02-14 06:35:00,0,,,0,0,0,0,,,,0,0,0,0,0,0,0,NoTraffic,,0
2018-02-14 06:36:00,0,,,0,0,0,0,,,,0,0,0,0,0,0,0,NoTraffic,,0
2018-02-14 06:37:00,0,,,0,0,0,0,,,,0,0,0,0,0,0,0,NoTraffic,,0
2018-02-14 06:38:00,0,,,0,0,0,0,,,,0,0,0,0,0,0,0,NoTraffic,,0
2018-02-14 06:39:00,0,,,0,0,0,0,,,,0,0,0,0,0,0,0,NoTraffic,,0
2018-02-14 06:40:00,0,,,0,0,0,0,,,,0,0,0,0,0,0,0,NoTraffic,,0
2018-02-14 06:41:00,0,,,0,0,0,0,,,,0,0,0,0,0,0,0,NoTraffic,,0
2018-02-14 06:42:00,0,,,0,0,0,0,,,,0,0,0,0,0,0,0,NoTraffic,,0
2018-02-14 06:43:00,0,,,0,0,0,0,,,,0,0,0,0,0,0,0,NoTraffic,,0
2018-02-14 06:44:00,0,,,0,0,0,0,,,,0,0,0,0,0,0,0,NoTraffic,,0
2018-02-14 06:45:00,0,,,0,0,0,0,,,,0,0,0,0,0,0,0,NoTraffic,,0
2018-02-14 06:46:00,0,,,0,0,0,0,,,,0,0,0,0,0,0,0,NoTraffic,,0
2018-02-14 06:47:00,0,,,0,0,0,0,,,,0,0,0,0,0,0,0,NoTraffic,,0
2018-02-14 06:48:00,0,,,0,0,0,0,,,,0,0,0,0,0,0,0,NoTraffic,,0
2018-02-14 06:49:00,0,,,0,0,0,0,,,,0,0,0,0,0,0,0,NoTraffic,,0
2018-02-14 06:50:00,0,,,0,0,0,0,,,,0,0,0,0,0,0,0,NoTraffic,,0
2018-02-14 06:51:00,0,,,0,0,0,0,,,,0,0,0,0,0,0,0,NoTraffic,,0
2018-02-14 06:52:00,0,,,0,0,0,0,,,,0,0,0,0,0,0,0,NoTraffic,,0
2018-02-14 06:53:00,0,,,0,0,0,0,,,,0,0,0,0,0,0,0,NoTraffic,,0
2018-02-14 06:54:00,0,,,0,0,0,0,,,,0,0,0,0,0,0,0,NoTraffic,,0
2018-02-14 06:55:00,0,,,0,0,0,0,,,,0,0,0,0,0,0,0,NoTraffic,,0
2018-02-14 06:56:00,0,,,0,0,0,0,,,,0,0,0,0,0,0,0,NoTraffic,,0
2018-02-14 06:57:00,0,,,0,0,0,0,,,,0,0,0,0,0,0,0,NoTraffic,,0
2018-02-14 06:58:00,0,,,0,0,0,0,,,,0,0,0,0,0,0,0,NoTraffic,,0
2018-02-14 06:59:00,0,,,0,0,0,0,,,,0,0,0,0,0,0,0,NoTraffic,,0
2018-02-14 07:00:00,0,,,0,0,0,0,,,,0,0,0,0,0,0,0,NoTraffic,,0
2018-02-14 07:01:00,0,,,0,0,0,0,,,,0,0,0,0,0,0,0,NoTraffic,,0
2018-02-14 07:02:00,0,,,0,0,0,0,,,,0,0,0,0,0,0,0,NoTraffic,,0
2018-02-14 07:03:00,0,,,0,0,0,0,,,,0,0,0,0,0,0,0,NoTraffic,,0
2018-02-14 07:04:00,0,,,0,0,0,0,,,,0,0,0,0,0,0,0,NoTraffic,,0
2018-02-14 07:05:00,0,,,0,0,0,0,,,,0,0,0,0,0,0,0,NoTraffic,,0
2018-02-14 07:06:00,0,,,0,0,0,0,,,,0,0,0,0,0,0,0,NoTraffic,,0
2018-02-14 07:07:00,0,,,0,0,0,0,,,,0,0,0,0,0,0,0,NoTraffic,,0
2018-02-14 07:08:00,0,,,0,0,0,0,,,,0,0,0,0,0,0,0,NoTraffic,,0
2018-02-14 07:09:00,0,,,0,0,0,0,,,,0,0,0,0,0,0,0,NoTraffic,,0
2018-02-14 07:10:00,0,,,0,0,0,0,,,,0,0,0,0,0,0,0,NoTraffic,,0
2018-02-14 07:11:00,0,,,0,0,0,0,,,,0,0,0,0,0,0,0,NoTraffic,,0
2018-02-14 07:12:00,0,,,0,0,0,0,,,,0,0,0,0,0,0,0,NoTraffic,,0
2018-02-14 07:13:00,0,,,0,0,0,0,,,,0,0,0,0,0,0,0,NoTraffic,,0
2018-02-14 07:14:00,0,,,0,0,0,0,,,,0,0,0,0,0,0,0,NoTraffic,,0
2018-02-14 07:15:00,0,,,0,0,0,0,,,,0,0,0,0,0,0,0,NoTraffic,,0
2018-02-14 07:16:00,0,,,0,0,0,0,,,,0,0,0,0,0,0,0,NoTraffic,,0
2018-02-14 07:17:00,0,,,0,0,0,0,,,,0,0,0,0,0,0,0,NoTraffic,,0
2018-02-14 07:18:00,0,,,0,0,0,0,,,,0,0,0,0,0,0,0,NoTraffic,,0
2018-02-14 07:19:00,0,,,0,0,0,0,,,,0,0,0,0,0,0,0,NoTraffic,,0
2018-02-14 07:20:00,0,,,0,0,0,0,,,,0,0,0,0,0,0,0,NoTraffic,,0
2018-02-14 07:21:00,0,,,0,0,0,0,,,,0,0,0,0,0,0,0,NoTraffic,,0
2018-02-14 07:22:00,0,,,0,0,0,0,,,,0,0,0,0,0,0,0,NoTraffic,,0
2018-02-14 07:23:00,0,,,0,0,0,0,,,,0,0,0,0,0,0,0,NoTraffic,,0
2018-02-14 07:24:00,0,,,0,0,0,0,,,,0,0,0,0,0,0,0,NoTraffic,,0
2018-02-14 07:25:00,0,,,0,0,0,0,,,,0,0,0,0,0,0,0,NoTraffic,,0
2018-02-14 07:26:00,0,,,0,0,0,0,,,,0,0,0,0,0,0,0,NoTraffic,,0
2018-02-14 07:27:00,0,,,0,0,0,0,,,,0,0,0,0,0,0,0,NoTraffic,,0
2018-02-14 07:28:00,0,,,0,0,0,0,,,,0,0,0,0,0,0,0,NoTraffic,,0
2018-02-14 07:29:00,0,,,0,0,0,0,,,,0,0,0,0,0,0,0,NoTraffic,,0
2018-02-14 07:30:00,0,,,0,0,0,0,,,,0,0,0,0,0,0,0,NoTraffic,,0
2018-02-14 07:31:00,0,,,0,0,0,0,,,,0,0,0,0,0,0,0,NoTraffic,,0
2018-02-14 07:32:00,0,,,0,0,0,0,,,,0,0,0,0,0,0,0,NoTraffic,,0
2018-02-14 07:33:00,0,,,0,0,0,0,,,,0,0,0,0,0,0,0,NoTraffic,,0
2018-02-14 07:34:00,0,,,0,0,0,0,,,,0,0,0,0,0,0,0,NoTraffic,,0
2018-02-14 07:35:00,0,,,0,0,0,0,,,,0,0,0,0,0,0,0,NoTraffic,,0
2018-02-14 07:36:00,0,,,0,0,0,0,,,,0,0,0,0,0,0,0,NoTraffic,,0
2018-02-14 07:37:00,0,,,0,0,0,0,,,,0,0,0,0,0,0,0,NoTraffic,,0
2018-02-14 07:38:00,0,,,0,0,0,0,,,,0,0,0,0,0,0,0,NoTraffic,,0
2018-02-14 07:39:00,0,,,0,0,0,0,,,,0,0,0,0,0,0,0,NoTraffic,,0
2018-02-14 07:40:00,0,,,0,0,0,0,,,,0,0,0,0,0,0,0,NoTraffic,,0
2018-02-14 07:41:00,0,,,0,0,0,0,,,,0,0,0,0,0,0,0,NoTraffic,,0
2018-02-14 07:42:00,0,,,0,0,0,0,,,,0,0,0,0,0,0,0,NoTraffic,,0
2018-02-14 07:43:00,0,,,0,0,0,0,,,,0,0,0,0,0,0,0,NoTraffic,,0
2018-02-14 07:44:00,0,,,0,0,0,0,,,,0,0,0,0,0,0,0,NoTraffic,,0
2018-02-14 07:45:00,0,,,0,0,0,0,,,,0,0,0,0,0,0,0,NoTraffic,,0
2018-02-14 07:46:00,0,,,0,0,0,0,,,,0,0,0,0,0,0,0,NoTraffic,,0
2018-02-14 07:47:00,0,,,0,0,0,0,,,,0,0,0,0,0,0,0,NoTraffic,,0
2018-02-14 07:48:00,0,,,0,0,0,0,,,,0,0,0,0,0,0,0,NoTraffic,,0
2018-02-14 07:49:00,0,,,0,0,0,0,,,,0,0,0,0,0,0,0,NoTraffic,,0
2018-02-14 07:50:00,0,,,0,0,0,0,,,,0,0,0,0,0,0,0,NoTraffic,,0
2018-02-14 07:51:00,0,,,0,0,0,0,,,,0,0,0,0,0,0,0,NoTraffic,,0
2018-02-14 07:52:00,0,,,0,0,0,0,,,,0,0,0,0,0,0,0,NoTraffic,,0
2018-02-14 07:53:00,0,,,0,0,0,0,,,,0,0,0,0,0,0,0,NoTraffic,,0
2018-02-14 07:54:00,0,,,0,0,0,0,,,,0,0,0,0,0,0,0,NoTraffic,,0
2018-02-14 07:55:00,0,,,0,0,0,0,,,,0,0,0,0,0,0,0,NoTraffic,,0
2018-02-14 07:56:00,0,,,0,0,0,0,,,,0,0,0,0,0,0,0,NoTraffic,,0
2018-02-14 07:57:00,0,,,0,0,0,0,,,,0,0,0,0,0,0,0,NoTraffic,,0
2018-02-14 07:58:00,0,,,0,0,0,0,,,,0,0,0,0,0,0,0,NoTraffic,,0
2018-02-14 07:59:00,0,,,0,0,0,0,,,,0,0,0,0,0,0,0,NoTraffic,,0
2018-02-14 08:00:00,0,,,0,0,0,0,,,,0,0,0,0,0,0,0,NoTraffic,,0
2018-02-14 08:01:00,0,,,0,0,0,0,,,,0,0,0,0,0,0,0,NoTraffic,,0
2018-02-14 08:02:00,0,,,0,0,0,0,,,,0,0,0,0,0,0,0,NoTraffic,,0
2018-02-14 08:03:00,0,,,0,0,0,0,,,,0,0,0,0,0,0,0,NoTraffic,,0
2018-02-14 08:04:00,0,,,0,0,0,0,,,,0,0,0,0,0,0,0,NoTraffic,,0
2018-02-14 08:05:00,0,,,0,0,0,0,,,,0,0,0,0,0,0,0,NoTraffic,,0
2018-02-14 08:06:00,0,,,0,0,0,0,,,,0,0,0,0,0,0,0,NoTraffic,,0
2018-02-14 08:07:00,0,,,0,0,0,0,,,,0,0,0,0,0,0,0,NoTraffic,,0
2018-02-14 08:08:00,0,,,0,0,0,0,,,,0,0,0,0,0,0,0,NoTraffic,,0
2018-02-14 08:09:00,0,,,0,0,0,0,,,,0,0,0,0,0,0,0,NoTraffic,,0
2018-02-14 08:10:00,0,,,0,0,0,0,,,,0,0,0,0,0,0,0,NoTraffic,,0
2018-02-14 08:11:00,0,,,0,0,0,0,,,,0,0,0,0,0,0,0,NoTraffic,,0
2018-02-14 08:12:00,0,,,0,0,0,0,,,,0,0,0,0,0,0,0,NoTraffic,,0
2018-02-14 08:13:00,0,,,0,0,0,0,,,,0,0,0,0,0,0,0,NoTraffic,,0
2018-02-14 08:14:00,0,,,0,0,0,0,,,,0,0,0,0,0,0,0,NoTraffic,,0
2018-02-14 08:15:00,0,,,0,0,0,0,,,,0,0,0,0,0,0,0,NoTraffic,,0
2018-02-14 08:16:00,0,,,0,0,0,0,,,,0,0,0,0,0,0,0,NoTraffic,,0
2018-02-14 08:17:00,0,,,0,0,0,0,,,,0,0,0,0,0,0,0,NoTraffic,,0
2018-02-14 08:18:00,0,,,0,0,0,0,,,,0,0,0,0,0,0,0,NoTraffic,,0
2018-02-14 08:19:00,0,,,0,0,0,0,,,,0,0,0,0,0,0,0,NoTraffic,,0
2018-02-14 08:20:00,0,,,0,0,0,0,,,,0,0,0,0,0,0,0,NoTraffic,,0
2018-02-14 08:21:00,0,,,0,0,0,0,,,,0,0,0,0,0,0,0,NoTraffic,,0
2018-02-14 08:22:00,0,,,0,0,0,0,,,,0,0,0,0,0,0,0,NoTraffic,,0
2018-02-14 08:23:00,0,,,0,0,0,0,,,,0,0,0,0,0,0,0,NoTraffic,,0
2018-02-14 08:24:00,0,,,0,0,0,0,,,,0,0,0,0,0,0,0,NoTraffic,,0
2018-02-14 08:25:00,0,,,0,0,0,0,,,,0,0,0,0,0,0,0,NoTraffic,,0
2018-02-14 08:26:00,0,,,0,0,0,0,,,,0,0,0,0,0,0,0,NoTraffic,,0
2018-02-14 08:27:00,0,,,0,0,0,0,,,,0,0,0,0,0,0,0,NoTraffic,,0
2018-02-14 08:28:00,950,20857815.13368421,41636938.030532874,5870,6857,363437,4865422,160317.2656142044,9662.376872768473,1327744.4047778375,21,108,11,2,296,29,63,Benign,0.0,0
2018-02-14 08:29:00,2735,19186352.715904936,39618248.78315299,15847,20430,1024163,15839767,180570.0118447868,11146.103401569553,1658779.7782903728,51,421,42,4,889,149,132,Benign,0.0,0
2018-02-14 08:30:00,5866,19847463.31776338,40640102.38923367,32068,35169,2203629,20764079,171898.10136972327,11630.724591891121,1644483.0441117825,191,969,66,15,1884,353,231,Benign,0.0,0
2018-02-14 08:31:00,2915,13677598.417495713,31547896.27523599,15420,22447,1040504,20282911,275691.9793109231,35356.706509009586,2872336.7401240226,124,998,91,19,1019,428,242,Benign,0.0,0
2018-02-14 08:32:00,2216,11287792.255866425,27387663.949682612,11951,17058,742230,16818881,425440.1760738487,84623.55207841583,3253189.3393844906,191,1228,70,20,709,523,274,Benign,0.0,0
2018-02-14 08:33:00,2122,11650015.348256363,28186543.199816864,14810,23627,783988,26800875,853983.7964887003,114520.9706065403,3300754.37232095,305,1018,75,27,790,260,268,Benign,0.0,0
2018-02-14 08:34:00,1453,14308500.121128699,32604504.97448977,7620,12044,605306,10712867,174166.5936138801,27029.705376705668,4412106.1979849525,20,431,88,1,741,173,170,Benign,0.0,0
2018-02-14 08:35:00,1911,13198964.343799058,31907577.410298124,10099,12470,722658,9427016,190872.2743177984,18465.48314660646,3727255.9918810395,25,396,142,1,885,138,174,Benign,0.0,0
2018-02-14 08:36:00,1151,14029544.06689835,30535940.219033454,6446,5808,534950,2760235,223802.2563002381,20341.181565570616,6916893.017260352,14,329,185,0,646,67,153,Benign,0.0,0
2018-02-14 08:37:00,1585,13126768.547634069,30827042.146933343,7669,9781,553909,7370754,286173.14912694326,23072.502751708224,4944617.751101632,50,413,99,2,655,103,218,Benign,0.0,0
2018-02-14 08:38:00,2069,14816521.862252295,34628152.342009366,10537,11587,786916,6904184,465927.3369987305,26122.00873012486,3221992.2131590345,74,447,122,12,854,69,162,Benign,0.0,0
2018-02-14 08:39:00,3312,14353314.759359904,34627869.783292994,14044,13579,972175,5448584,239830.08058852432,18030.945058541005,2328594.25807681,69,574,141,10,1179,108,208,Benign,0.0,0
2018-02-14 08:40:00,1888,11472838.569385594,29371950.694396164,7394,5473,551859,1496359,304842.0327286898,43144.373612767355,3255453.7777784425,83,673,85,9,910,139,241,Benign,0.0,0
2018-02-14 08:41:00,1419,10786109.5863284,28320775.976002105,5630,3858,404493,747475,486512.1733838375,45698.243893519735,4087949.6195708932,52,485,101,2,595,88,206,Benign,0.0,0
2018-02-14 08:42:00,2201,14525105.997273967,33760137.36590665,11775,16429,806785,13328143,832338.3809206992,64966.401389489925,3148697.699134561,193,618,189,9,860,55,225,Benign,0.0,0
2018-02-14 08:43:00,2363,12973419.411764706,31446287.566087946,11666,14981,723331,12026145,259182.45962609415,16656.989455176088,2715756.3926954754,60,515,96,6,858,61,219,Benign,0.0,0
2018-02-14 08:44:00,3580,15360166.67877095,35102026.24172677,16393,21684,1063854,15565387,418931.4498384741,26909.487077378137,2318969.8101511095,94,848,96,19,1311,143,257,Benign,0.0,0
2018-02-14 08:45:00,2115,8917279.34893617,23197307.23619794,7603,5970,525338,1612606,183238.55605797353,25867.03850828079,3201825.6169861653,52,961,107,2,970,224,254,Benign,0.0,0
2018-02-14 08:46:00,1759,10677174.364980102,28193835.117122006,7885,11955,465671,11007366,542067.2740277698,65278.66105489111,3525928.1463509197,152,833,77,13,650,221,290,Benign,0.0,0
2018-02-14 08:47:00,1025,11052467.223414633,27390954.999734093,4297,2941,326440,456084,341925.9081058264,51523.717679025074,6082270.868376974,65,441,75,4,501,81,215,Benign,0.0,0
2018-02-14 08:48:00,2626,17488768.963442497,37960304.270814456,14730,20891,1007061,16365838,339349.9927359245,19105.282631900038,2653157.4907202646,64,518,80,16,1058,52,199,Benign,0.0,0
2018-02-14 08:49:00,1204,10286983.07641196,26088342.836374205,5543,4553,422423,1797673,180825.6799684719,25801.03543425669,4898156.454358098,31,449,88,10,594,52,162,Benign,0.0,0
2018-02-14 08:50:00,1473,13072899.393754244,31834629.503134187,6886,10625,420407,9395749,240230.74186028342,22736.014440471165,4581126.667309849,29,513,87,4,572,106,202,Benign,0.0,0
2018-02-14 08:51:00,1867,13110358.036422068,32070228.85474929,13560,24907,672987,28168770,409070.42844062886,53570.16722809028,3263826.1336000334,139,555,87,18,710,53,223,Benign,0.0,0
2018-02-14 08:52:00,1424,13987574.743679775,30521690.945310056,24685,72814,668915,99288753,204423.89838163668,22823.58528242313,4170917.9536068053,21,401,67,3,618,73,187,Benign,0.0,0
2018-02-14 08:53:00,1176,12562700.18707483,28780845.945028942,47095,115149,558480,163039426,269827.24202803883,32854.38546611781,5553392.913335545,52,440,75,2,525,97,198,Benign,0.0,0
2018-02-14 08:54:00,1118,13135035.924865833,29798124.605445206,23997,91924,557394,128884344,458779.33860741305,41109.56002256985,4999707.408659678,42,380,117,5,535,82,157,Benign,0.0,0
2018-02-14 08:55:00,1524,13405359.40223097,27905885.986139618,22142,43011,692783,54727252,198830.31567502473,15071.133139362191,3887656.0484183584,28,377,98,2,699,58,152,Benign,0.0,0
2018-02-14 08:56:00,2346,13797353.857630009,28439201.694631968,16359,27422,935958,27775733,240955.75654133104,21931.522691724193,2931078.770431558,41,476,129,11,945,90,229,Benign,0.0,0
2018-02-14 08:57:00,4639,13189620.277861608,27168627.804809116,39859,62406,1789722,67826913,214622.27263735633,18515.60840106962,1630710.369042763,111,694,154,22,1654,142,273,Benign,0.0,0
2018-02-14 08:58:00,1397,7845525.875447387,21675205.705172736,6194,12854,501116,13546242,174793.98233335544,15607.02239348804,4075963.0563095566,13,498,93,9,650,104,183,Benign,0.0,0
2018-02-14 08:59:00,1401,8573079.528194146,23253179.446974,10500,21348,457794,26237805,162217.6553781392,8359.56901766281,4458682.669000271,0,485,82,0,721,23,112,Benign,0.0,0
2018-02-14 09:00:00,1822,6494712.495060373,19518484.890881617,6872,4965,560661,905199,182903.9842187134,10058.354359214816,3168705.7050316692,0,689,138,0,953,42,138,Benign,0.0,0
2018-02-14 09:01:00,1256,8576798.609076433,22966865.903673124,5594,3985,483516,704663,134909.51763420628,9892.011498486083,4921327.446209424,3,417,203,0,694,55,106,Benign,0.0,0
2018-02-14 09:02:00,889,10518270.478065241,24194782.6839534,4874,3832,499758,866777,22921.578017828015,4368.997844867861,6217591.056345233,1,242,145,0,588,17,94,Benign,0.0,0
2018-02-14 09:03:00,765,11091307.673202615,24815590.623036575,3884,2822,349844,499353,141178.28199753075,9245.907591161606,6756649.0952956285,1,232,118,0,490,3,100,Benign,0.0,0
2018-02-14 09:04:00,1311,17654860.47826087,36459568.539601855,12391,24618,625658,28005593,209070.28651160205,17910.41189033865,4837677.626024149,24,282,111,6,667,17,127,Benign,0.0,0
2018-02-14 09:05:00,1480,16427230.366891893,35222087.512055755,9995,17427,742743,16546944,216237.4158446307,15883.48493038145,4126610.974859018,23,318,202,3,752,38,142,Benign,0.0,0
2018-02-14 09:06:00,1712,15747596.278621495,34546803.70590938,11588,14007,621174,11979574,558915.0282320655,29095.184886283107,3758952.6793799475,57,443,106,11,729,43,195,Benign,0.0,0
2018-02-14 09:07:00,1006,11686754.057654075,27861709.15726712,5222,8474,322126,8738223,354093.3026322265,39411.16779338695,6404019.617802804,61,468,91,12,446,88,217,Benign,0.0,0
2018-02-14 09:08:00,1145,8889793.770305676,22003268.605301075,8823,10398,527864,9713972,478890.08738240873,42934.69032953628,4717252.376811711,44,411,110,4,625,57,161,Benign,0.0,0
2018-02-14 09:09:00,1829,13058712.48168398,31546284.484570052,12911,15272,772833,13052427,300787.6071825135,34135.609048228514,3262760.301844428,88,489,104,7,878,39,192,Benign,0.0,0
2018-02-14 09:10:00,2301,16400826.562364189,36556435.86724973,17948,22233,984672,19774290,260774.66555696004,18629.70930271556,3153869.726772197,39,473,127,5,998,62,181,Benign,0.0,0
2018-02-14 09:11:00,2587,14368775.910707382,33983067.63612941,16034,18829,971115,14929153,251475.84945749587,28069.515989286498,2452871.5822827257,61,520,93,13,959,78,230,Benign,0.0,0
2018-02-14 09:12:00,1500,11424279.281333333,28151152.185597245,8221,7993,555364,5308184,383229.7328730243,42259.794602565096,4072486.1032695156,70,587,115,8,593,156,264,Benign,0.0,0
2018-02-14 09:13:00,1492,11868837.033512065,28208258.298732877,8523,8723,629437,6880743,208585.4036837231,52532.6562971204,5743050.144290088,93,606,110,5,632,128,300,Benign,0.0,0
2018-02-14 09:14:00,1408,11727498.5078125,27297357.16201318,6008,4650,553831,1164949,278312.5168765141,32751.268818897068,6216441.675546858,58,545,118,7,664,63,216,Benign,0.0,0
2018-02-14 09:15:00,2119,13229512.744690891,31397986.753092397,10013,16988,833055,15502040,144271.98362933437,13941.366013635146,4539761.788587805,34,605,135,4,936,82,228,Benign,0.0,0
2018-02-14 09:16:00,2041,10790993.099461049,28746536.71334827,8638,7578,627438,2541824,168298.14893147675,12754.949420183342,4514530.558002841,24,707,113,4,938,80,223,Benign,0.0,0
2018-02-14 09:17:00,1082,13933455.029574862,29732233.911024734,5325,4095,523864,784499,213565.02456927527,23037.727485602903,8048350.093468403,12,385,176,1,574,55,177,Benign,0.0,0
2018-02-14 09:18:00,1645,15282006.731914893,32857090.160342786,9754,10336,758504,7105753,145284.93237967833,13897.344155362165,5871811.342412996,52,434,160,4,732,36,190,Benign,0.0,0
2018-02-14 09:19:00,3101,16575307.39116414,36412144.95107003,19898,24611,1265947,19976835,208311.80420962334,21220.160904159075,3243273.378882972,72,607,242,7,1221,62,280,Benign,0.0,0
2018-02-14 09:20:00,1794,13397165.714604236,30684472.310629178,8332,8896,684122,4998056,167934.54444499096,11669.537675183532,4896690.573035952,14,538,170,3,760,93,245,Benign,0.0,0
2018-02-14 09:21:00,1278,13476632.737089202,31092871.47797232,8348,9731,432811,9461157,419652.90073000954,64787.58525926995,6710439.745358341,84,571,153,8,478,106,294,Benign,0.0,0
2018-02-14 09:22:00,1951,14168437.823680164,33195882.051216412,10367,10772,767774,7015091,548983.8256253821,54502.83874658819,4430388.578876428,167,632,142,16,725,49,278,Benign,0.0,0
2018-02-14 09:23:00,1908,17405627.136268344,36474129.29919415,13273,15671,730837,13089529,103271.29953052638,6877.2602127542,4890791.1483384445,43,421,164,5,801,38,207,Benign,0.0,0
2018-02-14 09:24:00,4306,18763778.642127264,39532501.1553194,25811,30803,1411679,22613452,282501.7981580489,21707.842285457522,2662697.7527036984,108,641,126,19,1316,129,336,Benign,0.0,0
2018-02-14 09:25:00,1886,15927375.162778366,34573602.09228692,14669,19347,621190,19475187,228568.64868542404,25806.63250818461,4774140.281726728,58,572,152,7,694,138,265,Benign,0.0,0
2018-02-14 09:26:00,1381,10096740.200579291,22952291.584945533,6204,5114,469755,2256674,220432.1252965978,40631.72992308485,5577645.860554048,43,599,162,2,571,168,299,Benign,0.0,0
2018-02-14 09:27:00,956,14144408.74790795,29426256.821951106,5388,4633,405119,2683263,441170.855579782,21097.208711410705,9284412.832830997,18,367,178,2,509,44,186,Benign,0.0,0
2018-02-14 09:28:00,1210,14820996.60661157,31653810.172743976,6220,4787,558234,1247085,271402.88807349437,13650.488809423292,7314360.389598326,7,326,175,2,667,14,149,Benign,0.0,0
2018-02-14 09:29:00,1768,14318513.36877828,33042911.72372856,8839,7880,710876,3506055,262030.63190385807,14033.140781031252,5314066.251160238,18,447,122,1,793,39,193,Benign,0.0,0
2018-02-14 09:30:00,1801,10127026.177679067,26515725.778976113,12213,15648,683177,16046810,151306.34842049648,9657.682254794514,5247360.520012691,10,606,173,0,872,57,191,Benign,0.0,0
2018-02-14 09:31:00,1858,8623657.68191604,24593937.49490469,7780,6845,521727,3561639,177558.74916653894,17211.27964486535,4893360.946718677,18,758,132,1,832,101,250,Benign,0.0,0
2018-02-14 09:32:00,2462,17902027.693744924,37601260.5796131,19458,23267,1061995,20943741,269080.4782104739,24119.168564260755,4489203.973470022,72,592,156,8,1010,59,274,Benign,0.0,0
2018-02-14 09:33:00,2905,18384111.534595527,38511248.27551412,17392,18401,1151047,10943941,344481.7448586645,18778.280825095804,3597438.113888479,61,517,165,9,1113,99,268,Benign,0.0,0
2018-02-14 09:34:00,1305,14199864.780842911,30930836.500569858,8834,10169,531325,9479471,332934.82924985513,34443.404402657296,6741680.087201741,55,561,99,12,493,130,313,Benign,0.0,0
2018-02-14 09:35:00,1305,10978558.728735631,26783507.420517128,5441,3883,492647,744087,397248.02751903853,64163.2734621531,5914660.395338303,80,614,93,6,545,147,291,Benign,0.0,0
2018-02-14 09:36:00,1615,14507989.273684211,33952984.476933874,12365,15139,710311,14249029,381944.8950626052,55460.33094190929,3535958.643993158,161,535,118,18,635,68,230,Benign,0.0,0
2018-02-14 09:37:00,1742,16476684.541331803,35529312.02834948,11258,13167,750337,9503138,107506.76985526233,13322.693619940468,3561305.6404048414,27,364,80,7,784,29,168,Benign,0.0,0
2018-02-14 09:38:00,2767,17585314.65124684,37915580.87819857,15472,16264,1074235,9241672,227180.838389009,17665.025363851117,2538516.1598431217,68,542,104,18,1008,105,233,Benign,0.0,0
2018-02-14 09:39:00,1233,8168701.558799676,22724779.297314405,5221,3782,453659,634828,307980.9885457536,42562.58534793712,4246743.2719196,76,554,173,8,558,103,237,Benign,0.0,0
2018-02-14 09:40:00,1371,10273106.181619257,26301828.596161515,6290,4801,539524,908598,528722.5214411799,60557.88715854639,3921826.068254877,104,573,217,11,627,85,192,Benign,0.0,0
2018-02-14 09:41:00,1540,10539309.590909092,28254331.49813829,7113,6118,520387,2812643,629221.0515677911,64865.80875448276,3797495.2076060525,129,474,191,16,586,60,219,Benign,0.0,0
2018-02-14 09:42:00,1323,13398443.28798186,31837076.13362108,6287,5401,536982,1487190,231460.84986218475,22175.405268819453,3976167.205406664,17,287,126,7,573,32,127,Benign,0.0,0
2018-02-14 09:43:00,756,12460276.222222222,27363192.61517544,3608,2680,342931,489632,173251.53179397233,16900.14301904843,7024624.422287226,19,268,123,0,416,46,120,Benign,0.0,0
2018-02-14 09:44:00,1358,16152348.73784978,34233253.819933906,8409,8526,705869,4382090,202787.04702058027,21044.446047233207,4448881.607473148,38,301,188,2,704,36,155,Benign,0.0,0
2018-02-14 09:45:00,1912,10656548.315376569,27166539.38424173,8787,7537,808456,1928356,242967.83778735637,26367.377918867252,3358175.8151379023,42,524,171,7,949,44,166,Benign,0.0,0
2018-02-14 09:46:00,2894,13298854.486869385,33288149.214025646,14958,17084,1027053,11016566,157515.1707929423,12294.282789919105,2723361.6319053904,45,665,112,1,1119,125,261,Benign,0.0,0
2018-02-14 09:47:00,2945,11829440.565704584,31247827.645157613,14097,16104,1039138,9779334,329563.4381151111,24872.40554105882,2166644.1516461135,67,708,107,9,1180,78,248,Benign,0.0,0
2018-02-14 09:48:00,1197,9092034.521303259,23479799.994516812,5898,4804,573283,923449,201500.3426658717,41671.59057895204,4194378.295531118,39,464,189,10,653,108,223,Benign,0.0,0
2018-02-14 09:49:00,1702,11559977.801410105,29191264.075417247,7639,5924,618693,1517819,510118.88716194785,61025.11748896906,3570262.769072077,153,608,211,16,684,83,240,Benign,0.0,0
2018-02-14 09:50:00,3026,14156372.002313284,34485326.473033555,20012,23859,1108991,19589147,293041.9556037803,29579.36321845563,2054445.4669850534,120,629,204,13,1116,69,253,Benign,0.0,0
2018-02-14 09:51:00,3215,17262977.80311042,37658791.77535558,21071,24691,1358619,18035764,251823.98608246451,18853.368889276342,2043860.512833265,91,544,132,14,1203,89,276,Benign,0.0,0
2018-02-14 09:52:00,1776,13625153.219594594,32043878.86019231,12910,20292,644706,21883345,297156.2671956964,37777.810678677175,3621332.5189452255,93,620,126,16,573,140,277,Benign,0.0,0
2018-02-14 09:53:00,1321,9785140.136260409,25089908.96257009,5262,3531,393645,667308,481744.7354530498,65154.15897223314,4115761.5672588935,150,689,72,12,449,154,322,Benign,0.0,0
2018-02-14 09:54:00,1149,10946814.451697128,27485634.141891606,7425,9090,437976,8450085,574216.1797653661,79990.96379937077,4241921.112381274,127,460,76,15,471,60,222,Benign,0.0,0
2018-02-14 09:55:00,950,11802650.172631579,27402926.13133831,4589,3564,439926,1017907,161227.40302633878,31392.239113996166,5890500.533884174,38,279,80,3,498,32,143,Benign,0.0,0
2018-02-14 09:56:00,1898,16884664.412539516,36774011.63712992,15555,21545,901460,20855446,130712.26419990839,10750.654081143935,2851740.510377436,47,312,112,2,775,52,185,Benign,0.0,0
2018-02-14 09:57:00,1470,16816252.68979592,35471614.97796007,9353,9870,611382,6667751,353980.75999996084,21240.358103626793,3723241.2997024413,32,321,149,12,676,59,162,Benign,0.0,0
2018-02-14 09:58:00,1299,11320750.493456505,27653766.483987205,8819,10494,516240,9711623,191801.6274438796,27824.646670564252,4343506.608419137,39,470,134,4,566,97,216,Benign,0.0,0
2018-02-14 09:59:00,2041,13830339.493385596,32539232.2435572,10867,13385,868343,9889493,361132.8950561397,39132.75591245185,2717185.3246077737,104,519,145,14,780,82,224,Benign,0.0,0
2018-02-14 10:00:00,2986,14522636.285331547,34303258.86309648,19260,23134,1110943,19406232,448243.55150982714,29202.822763772132,2249557.151171285,79,660,119,26,1136,94,249,Benign,0.0,0
2018-02-14 10:01:00,1780,9371954.743820224,25723722.036979552,7782,6729,591743,2445890,305103.3823848628,30547.31089811827,3116168.928889933,29,649,158,8,810,132,265,Benign,0.0,0
2018-02-14 10:02:00,1791,6338796.393076493,20435299.169848464,9404,10301,417905,9099690,605880.8737528176,50769.16770898418,2851864.309315568,92,812,115,11,787,118,255,Benign,0.0,0
2018-02-14 10:03:00,2255,14884967.0691796,34630958.548969425,13827,15134,952814,10442286,490201.4596423183,42872.63528370087,2761006.1914798734,138,550,221,19,896,56,225,Benign,0.0,0
2018-02-14 10:04:00,1842,16721465.834961997,36897241.57069263,13196,16727,775255,14175193,234916.89025489902,24632.75501752673,3132042.180924052,53,326,186,9,755,69,188,Benign,0.0,0
2018-02-14 10:05:00,1584,15570535.083964646,35046987.953297965,8684,9812,656834,5736880,267364.78906592587,21874.04249007059,3381906.277110104,43,376,152,5,653,82,199,Benign,0.0,0
2018-02-14 10:06:00,1375,14210947.477090908,32680122.28352416,11024,12932,649702,11754432,381983.23931381124,47568.45997372502,4292611.737862112,92,468,188,6,638,90,247,Benign,0.0,0
2018-02-14 10:07:00,1023,11299825.90518084,26589596.91584765,4977,3716,443759,679165,528947.4909906024,60807.57975456825,5093904.510359052,87,433,198,6,492,98,215,Benign,0.0,0
2018-02-14 10:08:00,960,9686740.0,24397612.606503118,7524,9047,412418,8904533,313652.33399395796,30744.15306444837,5093855.841912229,42,360,113,0,520,53,149,Benign,0.0,0
2018-02-14 10:09:00,1186,12243170.94772344,30189171.413475495,6223,6678,484357,4338224,122894.0308077892,25786.57962028939,4834314.220092617,30,310,102,1,560,23,134,Benign,0.0,0
2018-02-14 10:10:00,1297,12127294.098689282,30295616.456899155,10393,15167,480526,16364223,122167.83858087039,12941.081294432093,3850860.7441047905,12,310,111,0,606,23,122,Benign,0.0,0
2018-02-14 10:11:00,1035,11709590.350724638,27304495.39276705,5314,4959,471446,2504909,444309.5031347465,11961.23399315302,5862947.539673793,10,231,143,0,514,41,121,Benign,0.0,0
2018-02-14 10:12:00,1940,14910049.834020618,33670233.987871066,14033,18150,790801,17082777,88781.93708987888,14037.556861974654,3892216.22547995,47,388,117,0,798,69,205,Benign,0.0,0
2018-02-14 10:13:00,2776,14497415.9870317,33944504.29204892,19634,25709,1099062,23329629,236607.22456019392,19677.25580941366,2278241.3804944726,80,470,163,12,993,94,251,Benign,0.0,0
2018-02-14 10:14:00,1356,11072376.230825959,27632893.050772395,7266,7523,560900,5249716,446223.1983519364,40179.976086121984,3998055.62223469,34,432,153,12,575,132,258,Benign,0.0,0
2018-02-14 10:15:00,1234,13206475.466774717,29573553.72973871,11023,16090,600676,18151227,255500.75821012582,31222.440682099368,4449857.794725445,37,443,78,6,566,111,227,Benign,0.0,0
2018-02-14 10:16:00,1477,7982419.32633717,24100297.674596842,8213,10727,506480,10081572,444758.4808722402,49561.55728858445,3257273.065563372,115,602,112,10,636,87,218,Benign,0.0,0
2018-02-14 10:17:00,2541,11749298.920897285,31157292.699083906,13191,14192,832122,8749749,216587.24411067946,13136.970990665424,2325088.283877468,41,653,93,3,1055,66,207,Benign,0.0,0
2018-02-14 10:18:00,2371,13555950.314213412,33474046.483843222,16496,22021,816678,20312884,180309.88098675187,14069.437350397768,2303709.7471926226,40,533,106,5,943,88,214,Benign,0.0,0
2018-02-14 10:19:00,1538,13169499.616384916,31561162.763572767,8133,8495,592904,5060022,171387.55274695938,25758.7864609073,3350465.521257571,47,450,102,7,606,93,206,Benign,0.0,0
2018-02-14 10:20:00,1380,10808843.705797102,27537675.985620704,10235,16021,496122,17852950,279945.2464386405,31189.556248575984,4176056.31826038,80,539,133,7,573,113,233,Benign,0.0,0
2018-02-14 10:21:00,1157,9688213.499567848,23782717.916327477,5771,6570,535654,4255592,271811.81160540355,49116.096069154686,4199177.751659778,76,375,111,6,534,62,200,Benign,0.0,0
2018-02-14 10:22:00,1412,8866928.107648725,19808317.85925081,8845,9729,662432,7195166,111469.86104452764,20679.676499292007,3456833.4322887575,20,269,113,4,697,27,130,Benign,0.0,0
2018-02-14 10:23:00,955,10974020.609424084,24740697.42604013,5436,5523,576282,2608955,400034.8611185824,26196.77357187598,5804333.703590299,26,231,158,2,624,37,110,Benign,0.0,0
2018-02-14 10:24:00,888,11132347.872747747,24084354.60218337,6517,9049,615224,7652930,150348.8206217933,10206.093641367108,5412833.564602606,11,191,176,0,630,27,113,Benign,0.0,0
2018-02-14 10:25:00,1635,16992671.930275228,36601174.11492203,10007,10932,587411,7051241,190002.37782825337,15879.752037797469,3202856.080090703,31,297,67,4,682,38,169,Benign,0.0,0
2018-02-14 10:26:00,1093,14723706.217749314,32566742.440488674,5616,5012,457520,1779867,203452.74515253457,19553.646306794217,4898508.804077807,10,231,75,0,554,30,116,Benign,0.0,0
2018-02-14 10:27:00,2609,15866178.901494825,35589555.92494406,16635,18949,921721,14126391,307196.64296394895,24131.278324067905,2257776.520231527,108,575,133,11,1035,118,312,Benign,0.0,0
2018-02-14 10:28:00,1758,13879222.986916952,32050587.446733315,10598,13538,701164,11708247,394701.1572834561,31677.260173970073,3273793.890714806,91,510,100,9,697,109,245,Benign,0.0,0
2018-02-14 10:29:00,1252,11103604.615814697,26294659.317280043,5558,5112,493084,2531694,354186.3830844785,30563.065146549114,4342005.064186402,38,458,138,2,547,144,250,Benign,0.0,0
2018-02-14 10:30:00,2822,15242276.909992913,35162983.93072669,15961,17641,1010477,12558842,414797.40028548386,43879.89285935959,2214519.4403450233,176,721,48,30,970,116,323,Benign,0.0,0
2018-02-14 10:31:00,3102,14683604.08833011,34995793.79155637,14192,13602,888925,5681940,333311.7372402107,32293.715538923574,2301840.4359150953,112,753,62,14,1083,167,329,Benign,0.0,0
2018-02-14 10:32:00,2981,14350255.833612882,34621354.690439425,18413,21890,895770,18149313,317527.7152533053,26905.97019472936,2291402.2055590022,94,805,85,10,1053,161,317,Benign,0.0,0
2018-02-14 10:33:00,2984,4504445.018431636,17896779.120385785,8028,6200,479325,857682,217570.15953072274,465824.31168816594,1832410.3161412578,132,908,80,23,1884,194,319,Benign,0.3753351206434316,1
2018-02-14 10:34:00,3296,4022895.674757282,16752538.727650857,10787,12749,518787,10502534,188591.694871655,755374.647316357,1797396.014056795,148,591,168,13,2524,109,295,FTP-BruteForce,0.6007281553398058,1
2018-02-14 10:35:00,3546,5817761.871968416,21873175.806732118,9966,9694,691891,3603285,192430.77761455797,689728.6724629464,1729484.9489620037,110,457,136,8,2686,75,238,FTP-BruteForce,0.5640157924421884,1
2018-02-14 10:36:00,3459,4724824.96126048,19796415.027319472,13321,16792,537416,15033705,56999.50993874642,688490.4522046,1654407.0510606852,21,286,86,9,2607,46,173,FTP-BruteForce,0.5753107834634288,1
2018-02-14 10:37:00,3826,7862137.870622059,26214080.673479963,12749,15108,816349,9279040,118559.95045090465,631510.7008876458,1809524.917024064,43,335,99,6,2736,56,175,FTP-BruteForce,0.5227391531625719,1
2018-02-14 10:38:00,3558,5984228.973299607,22279073.017263837,10537,11092,660537,5962159,66967.79329433825,646335.7540443087,1671266.5393911633,58,420,90,7,2623,55,205,FTP-BruteForce,0.5593029792017987,1
2018-02-14 10:39:00,4905,8705854.777981652,27649766.68142924,16464,17332,1072438,8140289,206153.66822845227,493593.8001129592,1366932.3438670544,76,599,129,15,2981,117,295,Benign,0.4057084607543323,1
2018-02-14 10:40:00,5141,8148339.3110289825,26890073.50075152,17846,20597,1015930,13176625,347082.22745224286,467715.1213349283,1398413.9809847856,82,687,109,20,2966,143,305,Benign,0.38513907800038905,1
2018-02-14 10:41:00,4703,8093724.2536678715,26590608.296086617,16201,15654,1061620,6952328,209802.07218969212,534074.6639412164,1342811.7721320873,137,650,147,15,2920,128,334,Benign,0.425260472039124,1
2018-02-14 10:42:00,3355,4380681.381818182,18343347.72543978,8767,10483,551672,6426655,174300.30111713643,742915.262685336,1831685.363587962,105,559,167,16,2553,103,293,FTP-BruteForce,0.5931445603576752,1
2018-02-14 10:43:00,3641,5438970.227684702,21046546.759731792,9472,8201,590484,2184080,408349.8367353528,690596.7466291492,1795776.6619990028,156,628,103,30,2609,135,313,FTP-BruteForce,0.549299642955232,1
2018-02-14 10:44:00,3936,7904229.330792683,25942407.724210545,12934,14133,792112,7741464,95162.17698145684,633318.1305240148,1647651.9463744736,88,388,84,14,2711,56,209,FTP-BruteForce,0.505589430894309,1
2018-02-14 10:45:00,4214,9456112.7584243,28499812.395794824,14090,14362,909273,6468990,150436.97693476267,572568.7641275858,1887029.334849888,61,444,124,19,2812,90,228,Benign,0.47223540579022305,1
2018-02-14 10:46:00,3713,7822020.9814166445,25861286.28843636,10905,10745,699895,3877001,233180.46952090942,661901.8543087859,2168116.65112454,65,500,143,16,2649,116,246,FTP-BruteForce,0.5332615136008618,1
2018-02-14 10:47:00,3942,5241526.49695586,21081070.817617543,10630,9374,671685,1907219,248424.0976336399,622476.7070158332,1226345.5898449393,112,685,166,17,2826,101,270,FTP-BruteForce,0.5073566717402334,1
2018-02-14 10:48:00,4760,7926549.0779411765,26882233.76489522,16376,17824,1004278,9181322,296302.3459387668,522786.9921033158,1252380.1619628295,125,881,155,27,3125,81,261,Benign,0.4180672268907563,1
2018-02-14 10:49:00,4098,6179446.043435822,22797301.649626233,15523,19915,693993,16213155,119263.41379581517,594845.0515009258,1287320.6548113765,105,598,132,10,2787,104,271,Benign,0.4870668618838458,1
2018-02-14 10:50:00,4173,7343760.167265756,25124440.694087043,14006,30598,736018,31237496,184969.16038233595,585572.7710123035,1269408.693249177,93,626,99,12,2757,112,285,Benign,0.47759405703330937,1
2018-02-14 10:51:00,3682,6750262.256653992,24132309.585915964,15934,20432,673067,18968742,105016.44374306407,645107.6181278747,1444981.6457792027,68,399,80,2,2593,77,213,FTP-BruteForce,0.5404671374253124,1
2018-02-14 10:52:00,3198,3854973.5284552844,16806491.08757952,7985,7186,477367,2337990,47593.24881785158,746772.6290934745,1442226.2040265708,32,350,93,4,2525,100,211,FTP-BruteForce,0.6191369606003753,1
2018-02-14 10:53:00,4087,7437285.885979936,24782342.21968618,15789,29717,891958,29486449,141528.83421604097,595171.3885651238,1171990.7302140899,97,502,147,8,2893,110,284,Benign,0.48935649620748717,1
2018-02-14 10:54:00,5151,11899246.378761405,32670179.97223167,31256,42348,1479394,40343162,339150.19076179597,467502.7060983273,1267301.100910914,116,521,61,7,3122,98,300,Benign,0.38613861386138615,1
2018-02-14 10:55:00,3317,4925408.837202291,19872475.175057948,8245,7108,436156,1724252,69845.64004866147,748640.1260430546,1370085.9769026963,30,483,84,5,2547,132,274,FTP-BruteForce,0.6029544769369912,1
2018-02-14 10:56:00,3599,5529011.470408447,20997890.7906061,14442,19178,612753,18463720,129308.12434336745,672061.6147274519,1355506.741592946,89,628,78,10,2503,175,366,FTP-BruteForce,0.5529313698249514,1
2018-02-14 10:57:00,4800,9677787.93125,29829618.8569846,19667,22079,1108074,14131480,195402.6997959395,528263.9102428866,1233909.1991929556,192,669,156,19,2970,109,329,Benign,0.41458333333333336,1
2018-02-14 10:58:00,5231,9974817.584591856,29580296.00834327,23542,27396,1441903,18732622,162834.85961031876,470330.20103136345,1077480.5721389449,86,564,180,11,3274,95,293,Benign,0.3785127126744408,1
2018-02-14 10:59:00,5664,8493207.870762711,27328972.301558793,23417,29206,1281855,22474644,217876.26799759665,438900.3799604272,1009525.7918586608,139,830,167,20,3170,196,399,Benign,0.3531073446327684,1
2018-02-14 11:00:00,4531,6702232.76980799,23616521.856697425,16647,18952,951394,13732709,113245.49985646423,541240.9033560575,1253569.2446228215,115,796,193,21,2866,222,386,Benign,0.43919664533215624,1
2018-02-14 11:01:00,3533,4152677.8675346733,18042177.207225252,13254,17320,480212,16720240,220420.1685295683,688169.4660419624,1269349.1706805225,138,670,130,11,2481,163,350,FTP-BruteForce,0.5632606849702803,1
2018-02-14 11:02:00,4184,7592124.923279159,25685001.732011136,17584,20134,884220,15635863,209513.82446451165,594508.6520618623,1267580.3318119263,127,667,138,15,2874,90,269,Benign,0.4780114722753346,1
2018-02-14 11:03:00,4131,4526398.785524086,19395366.691864286,15464,17917,763082,13317605,183222.8687751656,584983.0755637028,1099132.9910253095,75,680,233,9,2929,77,217,Benign,0.4793028322440087,1
2018-02-14 11:04:00,3649,6274112.779391614,23523360.51909518,14197,25365,698019,25616710,115886.68565071975,652534.901878019,1188209.2667987659,47,529,133,3,2683,103,228,FTP-BruteForce,0.5450808440668676,1
2018-02-14 11:05:00,3270,5361137.655045872,21268292.22566981,12891,16146,574849,14104034,159462.56247121753,742077.7524261975,1487624.881835491,67,357,121,14,2559,56,177,FTP-BruteForce,0.6116207951070336,1
2018-02-14 11:06:00,3390,5686673.85899705,22252209.37166847,14342,28507,545446,32148455,129594.73921686277,703368.1791995672,1328730.0383165623,72,380,77,9,2488,66,217,FTP-BruteForce,0.584070796460177,1
2018-02-14 11:07:00,3773,6635677.853432282,24453953.305202764,13224,15329,558351,11110484,77487.09609596843,627049.8632245442,1240718.8240154346,69,366,71,4,2577,55,211,FTP-BruteForce,0.5274317519215478,1
2018-02-14 11:08:00,3475,5995868.025899281,22884903.38742838,14804,22436,563419,22638331,172389.76128031,688125.9947189689,1503420.990122777,68,400,84,9,2522,91,188,FTP-BruteForce,0.5697841726618705,1
2018-02-14 11:09:00,3980,7574165.326884422,25639085.251565035,15426,17614,816043,12432128,172845.72746202382,608673.2367653433,1264350.5743794735,60,481,81,7,2770,84,245,FTP-BruteForce,0.5025125628140703,1
2018-02-14 11:10:00,4838,8547021.350558082,27572327.866855994,20411,30520,1089368,27317931,166976.20005961196,508076.767827547,1019834.0967610246,112,624,78,14,2972,92,265,Benign,0.41132699462587846,1
2018-02-14 11:11:00,3694,5272722.833784515,21548071.799603347,8575,7215,438965,1330086,107627.80337234172,655324.083804559,1328172.9660790632,73,449,90,15,2475,108,249,FTP-BruteForce,0.5414185165132648,1
2018-02-14 11:12:00,4802,9036595.724489795,28420104.556453872,16041,20913,958333,13985322,151349.02559839707,506443.45695432,1039558.920690629,101,589,73,12,2853,162,302,Benign,0.4144106622240733,1
2018-02-14 11:13:00,3821,7442186.875425281,25809185.195702188,14348,19006,742611,15678650,192491.48383731573,654179.9245769947,1176002.8228433174,95,512,69,20,2597,106,226,FTP-BruteForce,0.5208060717089767,1
2018-02-14 11:14:00,3135,3969346.5103668263,17560080.8860358,6498,5547,386787,1053371,33248.32297046501,771929.8123305931,1397919.2806851254,88,472,44,4,2358,152,276,FTP-BruteForce,0.631578947368421,1
2018-02-14 11:15:00,3105,4119065.270531401,17537910.152504984,7363,6688,453884,2247769,161695.6087165681,791486.2438955503,1239786.424024904,114,455,79,19,2418,82,242,FTP-BruteForce,0.644122383252818,1
2018-02-14 11:16:00,3517,6788133.614159795,24491286.68440047,10905,11832,609593,6530390,129972.73098385574,679380.0522819216,1287647.3090177649,112,384,69,15,2548,75,212,FTP-BruteForce,0.5658231447256185,1
2018-02-14 11:17:00,3784,7431052.700317125,25489704.049698304,14615,27772,873370,27350843,76126.50832237506,647238.4297023702,1190940.625685755,17,358,139,10,2761,55,161,FTP-BruteForce,0.5285412262156448,1
2018-02-14 11:18:00,3856,5535603.0357883815,20390306.197603043,11625,14047,716757,8863395,377785.34117615415,622758.4948460857,1040813.0445238198,61,543,72,6,2741,84,197,FTP-BruteForce,0.5160788381742739,1
2018-02-14 11:19:00,4140,4980683.694927536,19934534.874518417,11177,11731,594936,5532432,113440.73331175632,588193.9947143674,1125064.6223401327,75,729,81,7,2842,81,255,Benign,0.4806763285024155,1
2018-02-14 11:20:00,3305,4672022.576701967,19065398.88786873,7723,6609,391416,1231468,145757.8712097085,712474.4109815364,1219814.3055318752,49,400,70,4,2525,48,164,FTP-BruteForce,0.5990922844175491,1
2018-02-14 11:21:00,4102,9199070.58654315,28688597.73545736,14386,17641,861590,10843234,304407.7176449117,603587.0486070934,1106933.8434730144,62,339,122,23,2800,57,192,Benign,0.48756704046806437,1
2018-02-14 11:22:00,3545,6855531.819746121,24846999.799880154,11782,13022,493708,8986331,147525.79538186465,684389.8868035792,1351122.6456153924,77,386,54,7,2543,103,204,FTP-BruteForce,0.5613540197461213,1
2018-02-14 11:23:00,3516,5972757.793515358,22141916.47851819,9554,10090,568118,4697473,273947.0716045896,699234.9204589695,1174121.2947318926,74,484,76,11,2578,110,260,FTP-BruteForce,0.5688282138794084,1
2018-02-14 11:24:00,3169,5130004.321236983,20821879.84771003,7533,6691,387407,1740230,185308.7991259677,775335.9223521801,1214103.3306776208,116,436,86,18,2403,94,235,FTP-BruteForce,0.6279583464815399,1
2018-02-14 11:25:00,4272,9219633.478698501,28772802.228006665,15383,17122,870959,10054662,180368.6457419814,574138.385126027,1268275.6466699375,109,447,95,9,2747,79,236,Benign,0.4658239700374532,1
2018-02-14 11:26:00,4347,8807179.519438693,27977261.96272073,15180,16953,891702,10046720,172841.44443250212,560377.3832774999,1039608.3674408143,108,583,69,17,2767,126,309,Benign,0.4554865424430642,1
2018-02-14 11:27:00,3957,6036613.59893859,22916648.464556124,10426,9846,574763,2946338,181047.00585585495,636304.1001023694,1078574.5854150497,58,503,85,10,2616,131,289,FTP-BruteForce,0.5054334091483447,1
2018-02-14 11:28:00,4354,6998175.836012862,24463564.315055426,13514,14696,806523,8202142,241072.02664592455,582182.9580230941,1179143.1512214486,183,733,163,28,2761,157,355,Benign,0.45705098759761137,1
2018-02-14 11:29:00,3562,4486514.369455362,19360220.190532546,8927,8159,568482,2586502,177650.41954262293,697576.0973356877,1087729.0680380478,108,523,134,20,2577,116,263,FTP-BruteForce,0.5614823133071308,1
2018-02-14 11:30:00,3651,5291394.7444535745,20812250.00002647,9939,8730,717225,2110002,256789.47144511278,674026.8976682987,1213213.3196400537,94,479,179,16,2703,77,211,FTP-BruteForce,0.5447822514379622,1
2018-02-14 11:31:00,4437,7455996.569078206,25240656.66225275,16899,18519,967952,11639279,132781.40212562704,566921.3484993073,1149937.2491603915,89,509,226,14,2885,122,277,Benign,0.4485012395762903,1
2018-02-14 11:32:00,3586,5391008.804517568,21530572.64737808,9483,10110,551715,4952102,148731.09909496765,685845.9448641568,1336505.5728395297,67,444,103,11,2542,84,207,FTP-BruteForce,0.5521472392638037,1
2018-02-14 11:33:00,4124,6791978.547769156,24576064.201165054,13185,13337,772748,6122552,127816.47694553823,584251.0161768105,1167379.1489969287,53,552,148,5,2825,128,263,Benign,0.48496605237633367,1
2018-02-14 11:34:00,5094,7005187.440125638,24950542.94827299,17722,19258,1083191,10539515,271676.15183526184,481435.92490722873,929720.0617884309,127,737,122,24,3181,90,260,Benign,0.3906556733411857,1
2018-02-14 11:35:00,4068,7120545.880776795,24959279.63763782,16239,23640,793058,21168229,226096.28213562493,601127.0423809604,1072704.0132163488,78,536,102,16,2719,107,268,Benign,0.4916420845624385,1
2018-02-14 11:36:00,3455,6491087.096671491,23732197.035724256,14528,17469,697537,14480238,98790.7896905466,721055.5973681635,1295728.9096408011,90,464,123,15,2584,108,258,FTP-BruteForce,0.5759768451519537,1
2018-02-14 11:37:00,3090,3619647.070873786,16811358.34722077,10014,13675,408595,12802844,371033.4555528138,812507.3181915449,1212543.9510783744,152,522,85,16,2356,100,250,FTP-BruteForce,0.6440129449838188,1
2018-02-14 11:38:00,3077,3676600.721481963,16998502.566264633,10299,12574,416705,10726454,95390.34624675,784620.102974143,1197233.3833809912,60,347,70,4,2399,46,182,FTP-BruteForce,0.6434839129021774,1
2018-02-14 11:39:00,3991,7389160.158606865,25862168.629993767,17298,28050,823736,27781188,187386.63581500234,620857.3528610342,1194220.5247170741,87,389,91,25,2726,48,205,FTP-BruteForce,0.5011275369581558,1
2018-02-14 11:40:00,3826,6557953.710925248,23928813.082872324,15091,18764,671984,15415605,243326.4852771621,648050.2352139321,1055769.3120695045,28,358,91,4,2646,56,145,FTP-BruteForce,0.520125457396759,1
2018-02-14 11:41:00,3951,7917376.827891673,26433656.536663216,20836,30105,831303,30333163,78901.89526020158,631481.8400029807,1096039.5763999785,64,404,144,12,2746,74,225,FTP-BruteForce,0.5062009617818274,1
2018-02-14 11:42:00,3400,4804769.503529412,19686683.14592978,12669,16248,675716,14052314,208341.39326212072,726360.1433258742,1297049.6248636548,128,479,199,19,2540,72,232,FTP-BruteForce,0.5852941176470589,1
2018-02-14 11:43:00,3455,5722580.05065123,22139778.26975792,15017,21789,697724,20908791,126642.61170021164,705326.4904463409,1107185.7947019015,102,434,157,15,2545,103,237,FTP-BruteForce,0.5759768451519537,1
2018-02-14 11:44:00,2982,4373853.310865191,19067341.78466105,12499,16698,461493,16926426,184699.49941928728,802669.6931077784,1343948.9463047422,108,347,97,10,2403,51,173,FTP-BruteForce,0.6639839034205232,1
2018-02-14 11:45:00,2917,5151131.773740144,20129759.476685308,10339,18577,390037,20168473,104248.43001302838,815662.8403849626,1685397.5139187486,61,317,70,6,2372,50,166,FTP-BruteForce,0.6856359273225917,1
2018-02-14 11:46:00,3300,4377663.306363637,17222145.44995663,12376,16032,601809,14517792,75356.60323656861,727591.3291730266,1470186.3141590185,56,297,66,18,2463,82,169,FTP-BruteForce,0.603030303030303,1
2018-02-14 11:47:00,4024,5598742.7092445325,19478975.95677076,15858,19941,692976,16491171,133651.0529082366,590578.9940354641,1100015.9622044235,75,324,80,15,2714,30,169,Benign,0.4967693836978131,1
2018-02-14 11:48:00,4443,3905529.706279541,15676770.942007134,17351,21276,886131,17722556,92801.18388179441,548204.0001508434,885425.985952722,44,435,78,11,2906,69,191,Benign,0.4478955660589692,1
2018-02-14 11:49:00,3713,6046635.653918664,23530563.153420363,10191,9627,533805,2887978,84151.23691531787,632422.7085754374,989430.3924798375,35,439,58,3,2734,29,142,FTP-BruteForce,0.5359547535685429,1
2018-02-14 11:50:00,3376,3778750.7603672985,17765676.80960623,7285,6255,339003,995070,81271.53796676602,699825.3069959234,1211751.3659632378,8,461,39,2,2589,53,147,FTP-BruteForce,0.5864928909952607,1
2018-02-14 11:51:00,3509,6301636.940438871,23419927.116186727,10691,11592,705887,6040902,58430.03303862249,683177.8635946353,1086737.549690722,61,345,129,4,2584,73,199,FTP-BruteForce,0.5699629524080935,1
2018-02-14 11:52:00,3547,5841270.070200169,22145956.177767646,9838,9965,591968,3945784,77527.03274050249,677686.1641447429,1039869.0126881858,69,309,119,10,2604,54,169,FTP-BruteForce,0.5610374964758951,1
2018-02-14 11:53:00,3417,6304039.19198127,22942213.96173724,10216,14519,572151,10940259,190313.441661398,710378.0112887357,1308517.589298773,65,407,131,6,2566,90,218,FTP-BruteForce,0.585308750365818,1
2018-02-14 11:54:00,3724,6127829.091031149,23145300.25720183,10740,10227,661275,3473171,193424.85222848962,656039.1927399522,1017327.4797718056,111,421,153,11,2642,66,222,FTP-BruteForce,0.5343716433941997,1
2018-02-14 11:55:00,3073,3796139.146111292,17406095.64888766,7418,6573,481881,1438446,83897.8591014839,774686.4619863058,1088015.5995428863,53,319,140,11,2484,73,180,FTP-BruteForce,0.6475756589651807,1
2018-02-14 11:56:00,2723,3604159.5982372384,16939220.001701582,5737,4915,346605,606487,27764.180451946748,849948.6895958965,1492898.2591384603,30,263,129,6,2342,63,152,FTP-BruteForce,0.7271391847227323,1
2018-02-14 11:57:00,4239,8470885.407171503,27875381.435613647,14906,15881,818867,8446011,183082.7494082766,584187.6799893902,929733.3388199671,109,403,103,8,2782,49,211,Benign,0.4718093890068412,1
2018-02-14 11:58:00,3279,4704767.809088137,19872711.730631776,7599,6794,450897,1356360,68289.75573980286,729604.4505171694,1181185.7101833562,33,319,66,6,2470,53,160,FTP-BruteForce,0.6068923452272034,1
2018-02-14 11:59:00,4441,8697644.416122494,27852290.99556642,18453,26572,974337,22491951,133370.62805731382,531808.3016619339,1129794.8885761441,68,472,170,8,2849,129,260,Benign,0.45034902049088044,1
2018-02-14 12:00:00,4483,8292434.028106179,27457118.089381926,14552,16931,895590,9874315,232140.94187968256,557139.7788370479,940170.8409818307,122,581,80,26,2764,96,269,Benign,0.44389917465982603,1
2018-02-14 12:01:00,5020,9841864.22430279,29845963.457989063,18976,21494,1097209,12585421,121781.68287838715,484540.38472495705,1013504.820972511,85,604,102,9,2912,169,331,Benign,0.39641434262948205,1
2018-02-14 12:02:00,3694,5212026.994585815,21231714.671170875,9572,8906,526518,3367327,107957.95133297527,637713.4478164703,1122895.334518521,111,560,53,12,2491,139,294,FTP-BruteForce,0.5360043313481321,1
2018-02-14 12:03:00,4063,6915768.091065715,24485759.0430272,12289,14594,741148,8984358,267030.46105285006,600457.01623024,1034355.1600894264,150,756,59,8,2626,188,360,Benign,0.4920009844942161,1
2018-02-14 12:04:00,3377,3310400.7222386734,16329297.067590334,7652,6369,394722,1211266,230499.0130674246,703558.8864702036,1145515.2678976236,118,614,80,18,2505,97,254,FTP-BruteForce,0.5892804264139769,1
2018-02-14 12:05:00,3460,3745421.9716763007,17050886.31876282,8110,7060,464758,1009562,144250.49224912477,666993.198132722,1028120.080958263,35,545,72,3,2666,77,165,FTP-BruteForce,0.5780346820809249,1
2018-02-14 12:06:00,4106,8359405.727471992,27672946.82118475,14019,16403,776470,9153166,154875.7962458506,604218.9678637036,938940.7866445053,93,345,101,12,2729,54,211,Benign,0.4846566000974184,1
2018-02-14 12:07:00,4276,8831541.377455566,28208277.118177053,14616,20879,830553,15692114,69507.49646673504,560029.72038037,1119938.2671414327,49,380,85,5,2770,68,201,Benign,0.4653882132834425,1
2018-02-14 12:08:00,3227,4702477.018283235,19647425.663643066,8129,7833,399305,2817134,56206.11234534039,742280.8509064941,1098894.9969884674,53,457,77,6,2424,124,255,FTP-BruteForce,0.6135729779981407,1
2018-02-14 12:09:00,3285,3615397.2742770165,17217134.6962591,8525,12750,460680,10137982,192826.6444695131,746399.9299464286,1035000.5790890573,104,509,89,9,2475,107,279,FTP-BruteForce,0.60882800608828,1
2018-02-14 12:10:00,2410,6063557.847717842,22542805.355601434,7338,6588,488399,1738987,176229.04405264696,536267.7276303598,1669113.0194102025,95,385,62,11,1614,54,162,Benign,0.43983402489626555,1
2018-02-14 12:11:00,1970,17977859.22791878,37860559.45643771,14367,19885,967701,17125069,372583.4918591994,20874.537694561644,1933429.0853153833,54,327,105,8,769,55,171,Benign,0.0,0
2018-02-14 12:12:00,1754,13802210.977765108,33669574.36124334,10090,11487,756858,6970014,157155.63456265331,20468.585983878427,2057996.4921362528,40,359,119,11,687,79,200,Benign,0.0,0
2018-02-14 12:13:00,1239,13190025.11945117,32144494.847082973,5969,6212,430989,3444782,524502.265680604,50153.18090929512,3151140.892882178,49,401,67,11,397,121,218,Benign,0.0,0
2018-02-14 12:14:00,1617,15516653.529993815,33299063.40988571,9222,11581,639138,8055632,493983.675229023,48071.50317138797,2415158.4011434587,104,420,108,15,578,60,215,Benign,0.0,0
2018-02-14 12:15:00,1297,8399735.534309946,22245624.294570938,5927,5175,596495,1637799,207064.24266506633,40654.33187506006,2658910.089134217,79,356,179,9,529,78,181,Benign,0.0,0
2018-02-14 12:16:00,1526,18652273.696592398,38253275.89763022,17864,27864,32671952,16579591,273480.5428571024,28058.348364119975,2663023.542310902,45,294,145,3,641,65,170,Benign,0.0,0
2018-02-14 12:17:00,759,9961623.62450593,25276842.537103847,4028,3741,352488,1591237,148216.26644579507,12439.385218550155,3905847.5419730684,8,187,110,7,415,33,106,Benign,0.0,0
2018-02-14 12:18:00,1239,15293181.592413237,35050057.77089091,9610,13195,490169,13016659,204941.70772453275,19610.91009496148,3153902.6688248105,35,356,82,1,476,75,184,Benign,0.0,0
2018-02-14 12:19:00,1750,13891995.388571428,33779624.888510786,11148,21025,658079,21479688,289091.59641488653,25766.336561653097,2116851.245461022,71,446,70,5,755,61,171,Benign,0.0,0
2018-02-14 12:20:00,2056,11970720.4114786,31891927.90364496,12618,14780,646238,12147015,218531.09898323234,19731.86667725799,1816782.5149872454,53,590,101,8,837,83,208,Benign,0.0,0
2018-02-14 12:21:00,2222,17509687.196219623,37940002.08239685,21857,35263,966036,38537409,256192.25238647533,25816.29889928032,2151718.93541465,92,504,142,8,865,98,265,Benign,0.0,0
2018-02-14 12:22:00,965,8883251.065284975,23064813.981864955,7396,9076,328510,9644710,455400.3818559065,68358.70938467393,3419557.4918561066,68,361,93,11,356,91,194,Benign,0.0,0
2018-02-14 12:23:00,921,10443705.966340933,27094183.345255498,10441,20450,306577,26418518,645417.2701307472,63736.474181473284,3692983.7700009146,86,431,36,8,298,75,231,Benign,0.0,0
2018-02-14 12:24:00,1481,15846632.479405807,35980425.52543929,10433,12715,610250,11206865,243939.8854904544,33197.116244168996,2819605.6699200296,104,324,62,9,517,56,175,Benign,0.0,0
2018-02-14 12:25:00,957,11524705.021943573,30102760.289394394,9970,18801,332947,23306159,210166.5503040683,27232.24112600793,3242978.351841189,16,238,61,4,350,42,127,Benign,0.0,0
2018-02-14 12:26:00,859,14885968.69499418,33032058.63285663,4965,4890,376248,2752304,187623.7622107555,23188.31699588743,3761090.6829554723,23,209,25,1,362,41,131,Benign,0.0,0
2018-02-14 12:27:00,1744,15085804.458715597,35516720.49229147,16174,29969,704220,35413729,441566.34038353583,32036.416582392347,2415647.462480767,100,391,67,14,542,63,197,Benign,0.0,0
2018-02-14 12:28:00,3310,12576281.587915407,32430333.181234647,21287,24147,1297978,18448851,144799.27473386048,17341.939535670077,1307133.5992943062,54,493,105,6,1539,81,284,Benign,0.0,0
2018-02-14 12:29:00,1437,11058594.047320807,28961559.65106356,14534,27235,586798,33246278,431827.2889322844,32228.898580685367,2599730.4812739682,53,398,115,14,547,112,206,Benign,0.0,0
2018-02-14 12:30:00,1450,10131343.286206897,26906341.8193481,8804,9665,543140,8186272,485919.9413884722,71712.8938218913,2759004.9728512852,111,571,116,12,568,157,301,Benign,0.0,0
2018-02-14 12:31:00,1156,13511624.114186851,32521515.829777777,13430,23300,550991,28201541,342323.9506044316,45571.20605128372,2969012.461942075,110,387,111,9,437,99,213,Benign,0.0,0
2018-02-14 12:32:00,1403,14379851.468282253,33949182.38864729,10345,14484,531059,14459097,329271.84516969434,30975.34350846775,3114175.8981945366,59,285,87,10,528,47,159,Benign,0.0,0
2018-02-14 12:33:00,1799,16025322.61089494,36391939.60062524,16631,27830,716154,30834651,401293.01956470177,26790.041319026474,2259000.9123646547,58,331,68,4,665,67,203,Benign,0.0,0
2018-02-14 12:34:00,1247,9598421.021651965,27431444.5005476,5210,4568,367582,1552523,310631.66578935384,37738.13887631152,2633914.3464986035,43,369,78,9,504,65,186,Benign,0.0,0
2018-02-14 12:35:00,1365,10552200.555311356,28589690.900252152,15039,28276,450588,35418993,386256.92843226437,40568.719194050136,2689627.7071640464,76,517,70,19,544,83,203,Benign,0.0,0
2018-02-14 12:36:00,1039,7126323.205967276,21917729.25663161,4107,3112,318208,563134,264650.4037699155,38728.72783711461,2933265.0123689715,64,427,82,2,494,53,138,Benign,0.0,0
2018-02-14 12:37:00,795,15116692.298113208,33063374.891459253,8271,15125,399757,17809141,683407.6085170222,50319.16511150532,3769728.3686961974,50,241,83,6,355,36,131,Benign,0.0,0
2018-02-14 12:38:00,922,13148953.394793926,31942020.116747573,4341,3986,352129,1513585,169631.01250304098,37301.655683759585,3602020.732384641,23,201,67,5,380,29,104,Benign,0.0,0
2018-02-14 12:39:00,585,9138367.555555556,23584153.668338913,5333,9337,306104,10701856,93702.9897080153,18991.818975813545,4359438.407453168,9,180,77,2,329,19,93,Benign,0.0,0
2018-02-14 12:40:00,939,12303817.592119277,30609351.896424666,4724,5214,359915,2903951,138031.24140321123,17916.57803043843,2772027.3878624896,18,239,65,1,412,28,99,Benign,0.0,0
2018-02-14 12:41:00,825,11839251.722424243,29604769.36533305,7349,10088,343175,10941033,147068.01378004884,25627.63128870107,3968944.5632839035,21,185,102,4,364,30,124,Benign,0.0,0
2018-02-14 12:42:00,1669,13762687.191731576,33110865.445869856,8033,7671,567641,3204038,275347.0781324212,21384.862235065993,1843426.5921644312,52,294,62,10,589,47,161,Benign,0.0,0
2018-02-14 12:43:00,937,10479406.06723586,24090278.387294926,5921,11237,401670,12090255,674820.5340745621,47764.96638765648,3039515.365715783,43,253,64,7,381,38,121,Benign,0.0,0
2018-02-14 12:44:00,610,11911137.924590165,26874594.396586627,2842,2031,279768,441808,178577.44824326175,19009.491770577297,5494128.375066511,9,210,57,0,323,73,158,Benign,0.0,0
2018-02-14 12:45:00,1418,12992575.270803949,31192619.778406095,7879,7853,568505,4346162,501610.00900455774,44710.638243790745,2472091.075314623,84,354,64,9,639,35,222,Benign,0.0,0
2018-02-14 12:46:00,757,12772189.311756935,29136992.917003103,4169,3638,404924,1034697,172954.6003066424,15935.22700581146,4700434.709140802,7,158,61,2,416,46,116,Benign,0.0,0
2018-02-14 12:47:00,1136,15220145.969190141,33915619.93355606,5724,5277,484863,1714912,331930.9434601105,18072.526530417435,3051129.988692997,30,247,38,6,471,37,119,Benign,0.0,0
2018-02-14 12:48:00,641,7801640.722308893,21086431.35941951,3022,2274,289726,429907,108209.50486615207,57456.01594611326,4090505.765110072,35,245,63,2,341,43,126,Benign,0.0,0
2018-02-14 12:49:00,888,13133378.71509009,31463031.647679042,5297,6136,464822,4431424,217140.0876334973,29152.826740017932,3494874.5860893973,26,248,74,2,419,23,85,Benign,0.0,0
2018-02-14 12:50:00,1319,12657050.373009857,32506943.535984028,6877,7172,440884,3912978,206217.94175604515,22398.2630389377,2200586.1464117197,54,396,53,9,586,28,115,Benign,0.0,0
2018-02-14 12:51:00,1625,12115019.971692307,31997245.481006917,8506,9622,533913,6450082,586389.4485275515,30441.294885784628,1922525.4467982368,51,437,56,15,691,47,161,Benign,0.0,0
2018-02-14 12:52:00,1243,12250622.597747386,31141336.791171234,5165,4262,401154,1292030,392489.9903503181,35514.452656867565,3569447.5567326625,55,331,60,13,397,71,195,Benign,0.0,0
2018-02-14 12:53:00,834,11081630.773381295,28245711.570651185,3979,3275,339240,788480,74060.87960582894,22758.515761521394,3302621.528732719,28,227,77,3,382,56,131,Benign,0.0,0
2018-02-14 12:54:00,1028,14595031.15466926,33659450.815513454,5773,5260,481273,1880155,512148.48245418957,52659.18797141211,2734312.9174650996,81,300,121,6,427,58,163,Benign,0.0,0
2018-02-14 12:55:00,1388,15619400.896253603,35071345.20743937,7320,7822,490410,4352687,97323.75741497376,16849.315488169104,2700250.6679169917,54,271,95,2,537,36,143,Benign,0.0,0
2018-02-14 12:56:00,725,9488244.783448275,23674941.93340745,3701,2999,376702,684638,222807.95611408615,29981.89608530669,3548071.476435049,29,285,151,3,344,64,139,Benign,0.0,0
2018-02-14 12:57:00,618,10503507.504854368,25336678.3478555,3005,2402,277749,517629,167568.9311130561,37522.45116324389,4423772.684956168,20,212,94,2,302,74,133,Benign,0.0,0
2018-02-14 12:58:00,922,14097885.022776572,32731717.25631158,5258,5429,460058,2936916,260227.76729385182,36465.55160458698,3509043.917488159,46,215,118,4,400,29,97,Benign,0.0,0
2018-02-14 12:59:00,1631,17345744.462293074,37743216.892935075,11923,18761,756793,18235997,152797.96026763957,15943.348974716424,2085717.8106215952,28,249,89,4,616,39,123,Benign,0.0,0
